as_of,rank,broker,score,n_eval,hit,alpha,ml
2026-09-27,1.0,Citizens,100.0,35,0.47362,0.00483,
2026-09-27,2.0,DA Davidson,98.0,108,0.51294,0.00588,
2026-09-27,3.0,Baird,96.0,171,0.47654,0.00819,
2026-09-27,4.0,Leerink Partners,94.0,22,0.53433,-0.01428,
2026-09-27,5.0,Barrington Research,92.0,24,0.44047,-0.00719,
2026-09-27,6.0,HSBC,90.0,37,0.48933,-0.0088,
2026-09-27,7.0,Seaport Global,88.0,44,0.4971,-0.00318,
2026-09-27,8.0,Rosenblatt,86.0,61,0.44819,0.01395,
2026-09-27,9.0,Susquehanna,84.0,92,0.48185,-0.01631,
2026-09-27,10.0,"Keefe, Bruyette & Woods",82.0,92,0.45726,-0.01635,
2026-09-27,11.0,Rothschild & Co,80.0,25,0.46882,-0.01867,
2026-09-27,12.0,B of A Securities,78.0,306,0.45174,-0.0022,
2026-09-27,13.0,JP Morgan,76.0,599,0.44958,-0.01167,
2026-09-27,14.0,TD Cowen,74.0,260,0.45788,-0.01785,
2026-09-27,15.0,Mizuho,72.0,239,0.40441,-0.01222,
2026-09-27,16.0,Wells Fargo,70.0,712,0.44041,-0.01509,
2026-09-27,17.0,Citigroup,68.0,596,0.43097,-0.00956,
2026-09-27,18.0,Deutsche Bank,66.0,66,0.41443,-0.01623,
2026-09-27,19.0,Canaccord Genuity,64.0,26,0.44259,-0.01299,
2026-09-27,20.0,Stifel,62.0,212,0.4082,0.00796,
2026-09-27,21.0,Cantor Fitzgerald,60.0,102,0.39989,-0.00806,
2026-09-27,22.0,Goldman Sachs,58.0,195,0.44793,-0.00155,
2026-09-27,23.0,Morgan Stanley,56.0,452,0.40827,-0.01695,
2026-09-27,24.0,Keybanc,54.0,181,0.43974,-0.00982,
2026-09-27,25.0,RBC Capital,52.0,355,0.43061,-0.01866,
2026-09-27,26.0,Piper Sandler,50.0,223,0.43393,-0.01254,
2026-09-27,27.0,Scotiabank,48.0,109,0.40133,-0.01131,
2026-09-27,28.0,Argus Research,46.0,91,0.44451,-0.01921,
2026-09-27,29.0,BNP Paribas,44.0,26,0.42474,-0.01413,
2026-09-27,30.0,Barclays,42.0,911,0.42166,-0.01656,
2026-09-27,31.0,BTIG,40.0,143,0.39182,-0.02894,
2026-09-27,32.0,Oppenheimer,38.0,157,0.41596,-0.02393,
2026-09-27,33.0,Wedbush,36.0,30,0.44642,-0.00858,
2026-09-27,34.0,Needham,34.0,125,0.39861,-0.0144,
2026-09-27,35.0,Guggenheim,32.0,111,0.40273,-0.01974,
2026-09-27,36.0,Truist Securities,30.0,305,0.38443,-0.02037,
2026-09-27,37.0,Evercore ISI Group,28.0,370,0.39196,-0.02643,
2026-09-27,38.0,Jefferies,26.0,227,0.43107,-0.02818,
2026-09-27,39.0,Benchmark,24.0,43,0.42172,-0.03479,
2026-09-27,40.0,UBS,22.0,570,0.40298,-0.01942,
2026-09-27,41.0,Loop Capital,20.0,23,0.41104,-0.03365,
2026-09-27,42.0,Bernstein,18.0,90,0.39821,-0.01329,
2026-09-27,43.0,Wolfe Research,16.0,52,0.38762,-0.02672,
2026-09-27,44.0,Freedom Broker,14.0,57,0.37684,-0.0396,
2026-09-27,45.0,BMO Capital,12.0,153,0.35948,-0.03282,
2026-09-27,46.0,Stephens & Co.,10.0,33,0.3458,-0.04365,
2026-09-27,47.0,Macquarie,8.0,27,0.3822,-0.02858,
2026-09-27,48.0,Raymond James,6.0,85,0.36335,-0.02603,
2026-09-27,49.0,Tigress Financial,4.0,35,0.36593,-0.03225,
2026-09-27,50.0,Telsey Advisory Group,2.0,36,0.34523,-0.0448,
