ticker,as_of,fy,n_up_30d,n_down_30d
MMM,2026-09-25,1,16.0,0.0
MMM,2026-09-25,2,15.0,0.0
AOS,2026-09-25,1,0.0,10.0
AOS,2026-09-25,2,1.0,8.0
ABT,2026-09-25,1,5.0,1.0
ABT,2026-09-25,2,3.0,2.0
ABBV,2026-09-25,1,1.0,20.0
ABBV,2026-09-25,2,10.0,9.0
ACN,2026-09-25,1,0.0,3.0
ACN,2026-09-25,2,1.0,2.0
ADBE,2026-09-25,1,0.0,0.0
ADBE,2026-09-25,2,1.0,1.0
AMD,2026-09-25,1,28.0,9.0
AMD,2026-09-25,2,33.0,3.0
AES,2026-09-25,1,0.0,0.0
AES,2026-09-25,2,1.0,1.0
AFL,2026-09-25,1,3.0,5.0
AFL,2026-09-25,2,4.0,5.0
A,2026-09-25,1,19.0,0.0
A,2026-09-25,2,19.0,1.0
APD,2026-09-25,1,19.0,0.0
APD,2026-09-25,2,17.0,2.0
ABNB,2026-09-25,1,30.0,4.0
ABNB,2026-09-25,2,25.0,9.0
AKAM,2026-09-25,1,12.0,11.0
AKAM,2026-09-25,2,10.0,13.0
ALB,2026-09-25,1,4.0,12.0
ALB,2026-09-25,2,4.0,11.0
ARE,2026-09-25,1,0.0,4.0
ARE,2026-09-25,2,1.0,0.0
ALGN,2026-09-25,1,3.0,10.0
ALGN,2026-09-25,2,11.0,4.0
ALLE,2026-09-25,1,10.0,0.0
ALLE,2026-09-25,2,10.0,0.0
LNT,2026-09-25,1,3.0,0.0
LNT,2026-09-25,2,2.0,1.0
ALL,2026-09-25,1,20.0,0.0
ALL,2026-09-25,2,17.0,2.0
GOOGL,2026-09-25,1,4.0,2.0
GOOGL,2026-09-25,2,8.0,1.0
GOOG,2026-09-25,1,4.0,1.0
GOOG,2026-09-25,2,9.0,1.0
MO,2026-09-25,1,3.0,6.0
MO,2026-09-25,2,3.0,6.0
AMZN,2026-09-25,1,7.0,1.0
AMZN,2026-09-25,2,8.0,1.0
AMCR,2026-09-25,1,0.0,0.0
AMCR,2026-09-25,2,0.0,0.0
AEE,2026-09-25,1,1.0,1.0
AEE,2026-09-25,2,0.0,1.0
AEP,2026-09-25,1,5.0,1.0
AEP,2026-09-25,2,5.0,1.0
AXP,2026-09-25,1,8.0,15.0
AXP,2026-09-25,2,9.0,14.0
AIG,2026-09-25,1,16.0,3.0
AIG,2026-09-25,2,5.0,12.0
AMT,2026-09-25,1,7.0,0.0
AMT,2026-09-25,2,4.0,4.0
AWK,2026-09-25,1,0.0,0.0
AWK,2026-09-25,2,1.0,0.0
AMP,2026-09-25,1,11.0,1.0
AMP,2026-09-25,2,11.0,1.0
AME,2026-09-25,1,17.0,0.0
AME,2026-09-25,2,3.0,0.0
AMGN,2026-09-25,1,31.0,1.0
AMGN,2026-09-25,2,31.0,0.0
APH,2026-09-25,1,2.0,2.0
APH,2026-09-25,2,2.0,1.0
ADI,2026-09-25,1,23.0,1.0
ADI,2026-09-25,2,23.0,0.0
AON,2026-09-25,1,1.0,13.0
AON,2026-09-25,2,1.0,11.0
APA,2026-09-25,1,12.0,10.0
APA,2026-09-25,2,14.0,6.0
APO,2026-09-25,1,2.0,15.0
APO,2026-09-25,2,13.0,4.0
AAPL,2026-09-25,1,5.0,2.0
AAPL,2026-09-25,2,2.0,7.0
AMAT,2026-09-25,1,29.0,1.0
AMAT,2026-09-25,2,28.0,1.0
APP,2026-09-25,1,7.0,15.0
APP,2026-09-25,2,5.0,19.0
APTV,2026-09-25,1,0.0,17.0
APTV,2026-09-25,2,2.0,15.0
ACGL,2026-09-25,1,15.0,2.0
ACGL,2026-09-25,2,7.0,9.0
ADM,2026-09-25,1,6.0,0.0
ADM,2026-09-25,2,8.0,0.0
ARES,2026-09-25,1,2.0,8.0
ARES,2026-09-25,2,3.0,7.0
ANET,2026-09-25,1,26.0,0.0
ANET,2026-09-25,2,26.0,0.0
AJG,2026-09-25,1,10.0,6.0
AJG,2026-09-25,2,9.0,7.0
AIZ,2026-09-25,1,7.0,0.0
AIZ,2026-09-25,2,7.0,0.0
T,2026-09-25,1,15.0,3.0
T,2026-09-25,2,13.0,5.0
ATO,2026-09-25,1,3.0,0.0
ATO,2026-09-25,2,3.0,1.0
ADSK,2026-09-25,1,15.0,15.0
ADSK,2026-09-25,2,14.0,18.0
ADP,2026-09-25,1,13.0,4.0
ADP,2026-09-25,2,7.0,5.0
AZO,2026-09-25,1,0.0,3.0
AZO,2026-09-25,2,1.0,1.0
AVY,2026-09-25,1,10.0,0.0
AVY,2026-09-25,2,7.0,1.0
AXON,2026-09-25,1,11.0,5.0
AXON,2026-09-25,2,12.0,5.0
BKR,2026-09-25,1,5.0,0.0
BKR,2026-09-25,2,6.0,1.0
BALL,2026-09-25,1,11.0,2.0
BALL,2026-09-25,2,6.0,3.0
BAC,2026-09-25,1,0.0,1.0
BAC,2026-09-25,2,0.0,1.0
BAX,2026-09-25,1,12.0,0.0
BAX,2026-09-25,2,11.0,1.0
BDX,2026-09-25,1,11.0,0.0
BDX,2026-09-25,2,1.0,9.0
BRK-B,2026-09-25,1,3.0,0.0
BRK-B,2026-09-25,2,3.0,0.0
BBY,2026-09-25,1,18.0,0.0
BBY,2026-09-25,2,18.0,1.0
TECH,2026-09-25,1,2.0,0.0
TECH,2026-09-25,2,3.0,0.0
BIIB,2026-09-25,1,1.0,2.0
BIIB,2026-09-25,2,5.0,1.0
BLK,2026-09-25,1,3.0,0.0
BLK,2026-09-25,2,4.0,0.0
BX,2026-09-25,1,15.0,3.0
BX,2026-09-25,2,10.0,7.0
XYZ,2026-09-25,1,36.0,1.0
XYZ,2026-09-25,2,30.0,6.0
BE,2026-09-25,1,24.0,0.0
BE,2026-09-25,2,19.0,4.0
BNY,2026-09-25,1,10.0,0.0
BNY,2026-09-25,2,11.0,0.0
BA,2026-09-25,1,2.0,18.0
BA,2026-09-25,2,5.0,11.0
BKNG,2026-09-25,1,13.0,13.0
BKNG,2026-09-25,2,14.0,12.0
BSX,2026-09-25,1,0.0,25.0
BSX,2026-09-25,2,0.0,3.0
BMY,2026-09-25,1,25.0,0.0
BMY,2026-09-25,2,24.0,2.0
AVGO,2026-09-25,1,21.0,13.0
AVGO,2026-09-25,2,11.0,25.0
BR,2026-09-25,1,5.0,3.0
BR,2026-09-25,2,4.0,3.0
BRO,2026-09-25,1,5.0,10.0
BRO,2026-09-25,2,3.0,5.0
BF-B,2026-09-25,1,5.0,5.0
BF-B,2026-09-25,2,4.0,5.0
BG,2026-09-25,1,6.0,1.0
BG,2026-09-25,2,5.0,2.0
BXP,2026-09-25,1,1.0,0.0
BXP,2026-09-25,2,3.0,0.0
CHRW,2026-09-25,1,19.0,3.0
CHRW,2026-09-25,2,18.0,5.0
CDNS,2026-09-25,1,10.0,0.0
CDNS,2026-09-25,2,19.0,0.0
CPT,2026-09-25,1,0.0,1.0
CPT,2026-09-25,2,0.0,1.0
COF,2026-09-25,1,15.0,2.0
COF,2026-09-25,2,2.0,3.0
CAH,2026-09-25,1,16.0,0.0
CAH,2026-09-25,2,12.0,1.0
CCL,2026-09-25,1,0.0,1.0
CCL,2026-09-25,2,0.0,1.0
CARR,2026-09-25,1,23.0,0.0
CARR,2026-09-25,2,22.0,0.0
CVNA,2026-09-25,1,5.0,3.0
CVNA,2026-09-25,2,6.0,5.0
CASY,2026-09-25,1,5.0,2.0
CASY,2026-09-25,2,6.0,1.0
CAT,2026-09-25,1,24.0,0.0
CAT,2026-09-25,2,26.0,0.0
CBOE,2026-09-25,1,0.0,2.0
CBOE,2026-09-25,2,1.0,2.0
CBRE,2026-09-25,1,10.0,1.0
CBRE,2026-09-25,2,9.0,2.0
CDW,2026-09-25,1,7.0,1.0
CDW,2026-09-25,2,7.0,1.0
COR,2026-09-25,1,10.0,0.0
COR,2026-09-25,2,3.0,5.0
CNC,2026-09-25,1,20.0,0.0
CNC,2026-09-25,2,20.0,0.0
CNP,2026-09-25,1,3.0,1.0
CNP,2026-09-25,2,6.0,2.0
CF,2026-09-25,1,0.0,6.0
CF,2026-09-25,2,1.0,4.0
CRL,2026-09-25,1,12.0,1.0
CRL,2026-09-25,2,13.0,1.0
SCHW,2026-09-25,1,0.0,1.0
SCHW,2026-09-25,2,1.0,0.0
CHTR,2026-09-25,1,8.0,8.0
CHTR,2026-09-25,2,8.0,8.0
CVX,2026-09-25,1,6.0,4.0
CVX,2026-09-25,2,10.0,3.0
CMG,2026-09-25,1,2.0,1.0
CMG,2026-09-25,2,4.0,0.0
CB,2026-09-25,1,24.0,0.0
CB,2026-09-25,2,7.0,13.0
CHD,2026-09-25,1,6.0,0.0
CHD,2026-09-25,2,5.0,4.0
CIEN,2026-09-25,1,16.0,0.0
CIEN,2026-09-25,2,7.0,0.0
CI,2026-09-25,1,19.0,2.0
CI,2026-09-25,2,17.0,3.0
CINF,2026-09-25,1,0.0,8.0
CINF,2026-09-25,2,1.0,6.0
CTAS,2026-09-25,1,1.0,0.0
CTAS,2026-09-25,2,1.0,0.0
CSCO,2026-09-25,1,22.0,0.0
CSCO,2026-09-25,2,16.0,0.0
C,2026-09-25,1,6.0,0.0
C,2026-09-25,2,8.0,1.0
CFG,2026-09-25,1,2.0,1.0
CFG,2026-09-25,2,0.0,0.0
CLX,2026-09-25,1,3.0,13.0
CLX,2026-09-25,2,1.0,8.0
CME,2026-09-25,1,2.0,2.0
CME,2026-09-25,2,2.0,2.0
CMS,2026-09-25,1,0.0,6.0
CMS,2026-09-25,2,0.0,10.0
KO,2026-09-25,1,21.0,0.0
KO,2026-09-25,2,20.0,1.0
CTSH,2026-09-25,1,5.0,0.0
CTSH,2026-09-25,2,6.0,0.0
COHR,2026-09-25,1,19.0,1.0
COHR,2026-09-25,2,10.0,0.0
COIN,2026-09-25,1,1.0,2.0
COIN,2026-09-25,2,3.0,5.0
CL,2026-09-25,1,18.0,1.0
CL,2026-09-25,2,16.0,2.0
CMCSA,2026-09-25,1,15.0,7.0
CMCSA,2026-09-25,2,4.0,15.0
FIX,2026-09-25,1,7.0,0.0
FIX,2026-09-25,2,7.0,0.0
COP,2026-09-25,1,14.0,2.0
COP,2026-09-25,2,12.0,4.0
ED,2026-09-25,1,4.0,1.0
ED,2026-09-25,2,3.0,3.0
STZ,2026-09-25,1,10.0,11.0
STZ,2026-09-25,2,11.0,7.0
CEG,2026-09-25,1,14.0,2.0
CEG,2026-09-25,2,7.0,9.0
COO,2026-09-25,1,0.0,1.0
COO,2026-09-25,2,0.0,1.0
CPRT,2026-09-25,1,,
CPRT,2026-09-25,2,1.0,0.0
GLW,2026-09-25,1,10.0,0.0
GLW,2026-09-25,2,8.0,3.0
CPAY,2026-09-25,1,14.0,0.0
CPAY,2026-09-25,2,13.0,2.0
CTVA,2026-09-25,1,11.0,5.0
CTVA,2026-09-25,2,1.0,2.0
CSGP,2026-09-25,1,7.0,8.0
CSGP,2026-09-25,2,4.0,13.0
COST,2026-09-25,1,7.0,3.0
COST,2026-09-25,2,5.0,2.0
CRH,2026-09-25,1,1.0,3.0
CRH,2026-09-25,2,1.0,6.0
CRWD,2026-09-25,1,47.0,1.0
CRWD,2026-09-25,2,41.0,5.0
CCI,2026-09-25,1,3.0,0.0
CCI,2026-09-25,2,3.0,4.0
CSX,2026-09-25,1,23.0,0.0
CSX,2026-09-25,2,22.0,0.0
CMI,2026-09-25,1,4.0,2.0
CMI,2026-09-25,2,8.0,0.0
CVS,2026-09-25,1,23.0,0.0
CVS,2026-09-25,2,17.0,4.0
DHR,2026-09-25,1,3.0,3.0
DHR,2026-09-25,2,3.0,5.0
DRI,2026-09-25,1,1.0,0.0
DRI,2026-09-25,2,1.0,0.0
DDOG,2026-09-25,1,41.0,0.0
DDOG,2026-09-25,2,38.0,5.0
DVA,2026-09-25,1,3.0,3.0
DVA,2026-09-25,2,3.0,3.0
DECK,2026-09-25,1,15.0,1.0
DECK,2026-09-25,2,17.0,1.0
DE,2026-09-25,1,10.0,7.0
DE,2026-09-25,2,8.0,9.0
DELL,2026-09-25,1,22.0,0.0
DELL,2026-09-25,2,4.0,0.0
DAL,2026-09-25,1,0.0,3.0
DAL,2026-09-25,2,0.0,1.0
DVN,2026-09-25,1,13.0,4.0
DVN,2026-09-25,2,3.0,5.0
DXCM,2026-09-25,1,23.0,0.0
DXCM,2026-09-25,2,18.0,4.0
FANG,2026-09-25,1,15.0,5.0
FANG,2026-09-25,2,16.0,6.0
DLR,2026-09-25,1,3.0,0.0
DLR,2026-09-25,2,2.0,1.0
DG,2026-09-25,1,21.0,0.0
DG,2026-09-25,2,21.0,0.0
DLTR,2026-09-25,1,25.0,0.0
DLTR,2026-09-25,2,23.0,3.0
D,2026-09-25,1,0.0,3.0
D,2026-09-25,2,2.0,1.0
DPZ,2026-09-25,1,1.0,2.0
DPZ,2026-09-25,2,2.0,1.0
DASH,2026-09-25,1,19.0,13.0
DASH,2026-09-25,2,20.0,10.0
DOV,2026-09-25,1,12.0,2.0
DOV,2026-09-25,2,12.0,2.0
DOW,2026-09-25,1,0.0,2.0
DOW,2026-09-25,2,1.0,2.0
DHI,2026-09-25,1,2.0,11.0
DHI,2026-09-25,2,5.0,8.0
DTE,2026-09-25,1,1.0,5.0
DTE,2026-09-25,2,4.0,5.0
DUK,2026-09-25,1,3.0,2.0
DUK,2026-09-25,2,5.0,4.0
DD,2026-09-25,1,13.0,2.0
DD,2026-09-25,2,11.0,3.0
ETN,2026-09-25,1,20.0,0.0
ETN,2026-09-25,2,18.0,1.0
EBAY,2026-09-25,1,9.0,5.0
EBAY,2026-09-25,2,9.0,4.0
ECHO,2026-09-25,1,0.0,0.0
ECHO,2026-09-25,2,0.0,0.0
ECL,2026-09-25,1,13.0,5.0
ECL,2026-09-25,2,16.0,4.0
EIX,2026-09-25,1,3.0,1.0
EIX,2026-09-25,2,2.0,1.0
EW,2026-09-25,1,6.0,14.0
EW,2026-09-25,2,17.0,6.0
ELV,2026-09-25,1,0.0,1.0
ELV,2026-09-25,2,2.0,0.0
EME,2026-09-25,1,8.0,0.0
EME,2026-09-25,2,9.0,0.0
EMR,2026-09-25,1,23.0,0.0
EMR,2026-09-25,2,24.0,2.0
ETR,2026-09-25,1,3.0,1.0
ETR,2026-09-25,2,3.0,1.0
EOG,2026-09-25,1,12.0,11.0
EOG,2026-09-25,2,13.0,11.0
EQT,2026-09-25,1,3.0,7.0
EQT,2026-09-25,2,0.0,8.0
EFX,2026-09-25,1,0.0,2.0
EFX,2026-09-25,2,0.0,2.0
EQIX,2026-09-25,1,2.0,1.0
EQIX,2026-09-25,2,2.0,4.0
ERIE,2026-09-25,1,1.0,0.0
ERIE,2026-09-25,2,,
ESS,2026-09-25,1,0.0,2.0
ESS,2026-09-25,2,4.0,0.0
EL,2026-09-25,1,21.0,4.0
EL,2026-09-25,2,12.0,4.0
EG,2026-09-25,1,11.0,2.0
EG,2026-09-25,2,4.0,8.0
EVRG,2026-09-25,1,3.0,2.0
EVRG,2026-09-25,2,4.0,1.0
P,2026-09-25,1,18.0,0.0
P,2026-09-25,2,17.0,1.0
ES,2026-09-25,1,1.0,1.0
ES,2026-09-25,2,0.0,1.0
EXC,2026-09-25,1,3.0,3.0
EXC,2026-09-25,2,1.0,2.0
EXE,2026-09-25,1,11.0,2.0
EXE,2026-09-25,2,14.0,1.0
EXPE,2026-09-25,1,21.0,3.0
EXPE,2026-09-25,2,21.0,6.0
EXPD,2026-09-25,1,12.0,0.0
EXPD,2026-09-25,2,12.0,0.0
EXR,2026-09-25,1,2.0,0.0
EXR,2026-09-25,2,1.0,1.0
XOM,2026-09-25,1,4.0,0.0
XOM,2026-09-25,2,6.0,3.0
FFIV,2026-09-25,1,12.0,0.0
FFIV,2026-09-25,2,10.0,2.0
FDS,2026-09-25,1,1.0,0.0
FDS,2026-09-25,2,1.0,0.0
FICO,2026-09-25,1,7.0,12.0
FICO,2026-09-25,2,2.0,5.0
FAST,2026-09-25,1,5.0,0.0
FAST,2026-09-25,2,5.0,0.0
FRT,2026-09-25,1,3.0,0.0
FRT,2026-09-25,2,3.0,0.0
FDX,2026-09-25,1,0.0,1.0
FDX,2026-09-25,2,0.0,0.0
FDXF,2026-09-25,1,1.0,0.0
FDXF,2026-09-25,2,2.0,0.0
FERG,2026-09-25,1,10.0,2.0
FERG,2026-09-25,2,8.0,3.0
FIS,2026-09-25,1,1.0,26.0
FIS,2026-09-25,2,0.0,27.0
FITB,2026-09-25,1,7.0,9.0
FITB,2026-09-25,2,12.0,2.0
FSLR,2026-09-25,1,17.0,7.0
FSLR,2026-09-25,2,11.0,13.0
FE,2026-09-25,1,4.0,1.0
FE,2026-09-25,2,4.0,2.0
FISV,2026-09-25,1,0.0,31.0
FISV,2026-09-25,2,0.0,31.0
FLEX,2026-09-25,1,8.0,1.0
FLEX,2026-09-25,2,8.0,1.0
F,2026-09-25,1,17.0,0.0
F,2026-09-25,2,16.0,2.0
FTNT,2026-09-25,1,0.0,0.0
FTNT,2026-09-25,2,2.0,0.0
FTV,2026-09-25,1,10.0,3.0
FTV,2026-09-25,2,11.0,2.0
FOXA,2026-09-25,1,12.0,5.0
FOXA,2026-09-25,2,6.0,5.0
BEN,2026-09-25,1,9.0,0.0
BEN,2026-09-25,2,8.0,1.0
FCX,2026-09-25,1,15.0,0.0
FCX,2026-09-25,2,9.0,6.0
GRMN,2026-09-25,1,1.0,0.0
GRMN,2026-09-25,2,2.0,0.0
IT,2026-09-25,1,15.0,0.0
IT,2026-09-25,2,15.0,0.0
GE,2026-09-25,1,21.0,0.0
GE,2026-09-25,2,9.0,0.0
GEHC,2026-09-25,1,15.0,1.0
GEHC,2026-09-25,2,12.0,4.0
GEV,2026-09-25,1,1.0,2.0
GEV,2026-09-25,2,3.0,2.0
GEN,2026-09-25,1,5.0,0.0
GEN,2026-09-25,2,4.0,1.0
GNRC,2026-09-25,1,19.0,0.0
GNRC,2026-09-25,2,15.0,4.0
GD,2026-09-25,1,17.0,0.0
GD,2026-09-25,2,16.0,1.0
GIS,2026-09-25,1,0.0,2.0
GIS,2026-09-25,2,0.0,2.0
GM,2026-09-25,1,19.0,1.0
GM,2026-09-25,2,19.0,2.0
GPC,2026-09-25,1,5.0,2.0
GPC,2026-09-25,2,3.0,5.0
GILD,2026-09-25,1,24.0,2.0
GILD,2026-09-25,2,19.0,6.0
GPN,2026-09-25,1,1.0,27.0
GPN,2026-09-25,2,6.0,24.0
GL,2026-09-25,1,8.0,0.0
GL,2026-09-25,2,1.0,6.0
GDDY,2026-09-25,1,11.0,0.0
GDDY,2026-09-25,2,8.0,4.0
GS,2026-09-25,1,21.0,0.0
GS,2026-09-25,2,21.0,0.0
HAL,2026-09-25,1,1.0,5.0
HAL,2026-09-25,2,1.0,5.0
HIG,2026-09-25,1,11.0,3.0
HIG,2026-09-25,2,2.0,17.0
HAS,2026-09-25,1,0.0,1.0
HAS,2026-09-25,2,11.0,2.0
HCA,2026-09-25,1,0.0,3.0
HCA,2026-09-25,2,1.0,3.0
DOC,2026-09-25,1,0.0,1.0
DOC,2026-09-25,2,0.0,1.0
HSIC,2026-09-25,1,14.0,1.0
HSIC,2026-09-25,2,13.0,2.0
HSY,2026-09-25,1,18.0,2.0
HSY,2026-09-25,2,12.0,8.0
HPE,2026-09-25,1,16.0,0.0
HPE,2026-09-25,2,15.0,0.0
HLT,2026-09-25,1,15.0,7.0
HLT,2026-09-25,2,14.0,6.0
HD,2026-09-25,1,21.0,7.0
HD,2026-09-25,2,13.0,18.0
HONA,2026-09-25,1,0.0,5.0
HONA,2026-09-25,2,0.0,11.0
HON,2026-09-25,1,5.0,1.0
HON,2026-09-25,2,4.0,3.0
HRL,2026-09-25,1,1.0,6.0
HRL,2026-09-25,2,2.0,4.0
HST,2026-09-25,1,3.0,1.0
HST,2026-09-25,2,3.0,1.0
HWM,2026-09-25,1,17.0,0.0
HWM,2026-09-25,2,18.0,0.0
HPQ,2026-09-25,1,13.0,0.0
HPQ,2026-09-25,2,11.0,3.0
HUBB,2026-09-25,1,2.0,0.0
HUBB,2026-09-25,2,0.0,1.0
HUM,2026-09-25,1,12.0,3.0
HUM,2026-09-25,2,16.0,3.0
HBAN,2026-09-25,1,1.0,10.0
HBAN,2026-09-25,2,1.0,12.0
HII,2026-09-25,1,9.0,0.0
HII,2026-09-25,2,7.0,2.0
IBM,2026-09-25,1,11.0,1.0
IBM,2026-09-25,2,11.0,10.0
IEX,2026-09-25,1,13.0,0.0
IEX,2026-09-25,2,14.0,0.0
IDXX,2026-09-25,1,11.0,0.0
IDXX,2026-09-25,2,11.0,2.0
ITW,2026-09-25,1,10.0,2.0
ITW,2026-09-25,2,11.0,1.0
ILMN,2026-09-25,1,1.0,1.0
ILMN,2026-09-25,2,3.0,1.0
INCY,2026-09-25,1,0.0,11.0
INCY,2026-09-25,2,2.0,9.0
IR,2026-09-25,1,14.0,0.0
IR,2026-09-25,2,10.0,1.0
PODD,2026-09-25,1,15.0,7.0
PODD,2026-09-25,2,1.0,21.0
INTC,2026-09-25,1,1.0,2.0
INTC,2026-09-25,2,4.0,1.0
IBKR,2026-09-25,1,0.0,2.0
IBKR,2026-09-25,2,0.0,2.0
ICE,2026-09-25,1,10.0,2.0
ICE,2026-09-25,2,2.0,1.0
IFF,2026-09-25,1,0.0,14.0
IFF,2026-09-25,2,1.0,12.0
IP,2026-09-25,1,1.0,1.0
IP,2026-09-25,2,2.0,0.0
INTU,2026-09-25,1,5.0,24.0
INTU,2026-09-25,2,3.0,16.0
ISRG,2026-09-25,1,1.0,0.0
ISRG,2026-09-25,2,24.0,1.0
IVZ,2026-09-25,1,8.0,5.0
IVZ,2026-09-25,2,9.0,4.0
INVH,2026-09-25,1,1.0,1.0
INVH,2026-09-25,2,3.0,1.0
IQV,2026-09-25,1,21.0,0.0
IQV,2026-09-25,2,18.0,2.0
IRM,2026-09-25,1,4.0,2.0
IRM,2026-09-25,2,3.0,3.0
JBHT,2026-09-25,1,22.0,0.0
JBHT,2026-09-25,2,22.0,0.0
JBL,2026-09-25,1,1.0,0.0
JBL,2026-09-25,2,1.0,0.0
JKHY,2026-09-25,1,9.0,0.0
JKHY,2026-09-25,2,5.0,2.0
J,2026-09-25,1,10.0,2.0
J,2026-09-25,2,7.0,5.0
JNJ,2026-09-25,1,0.0,0.0
JNJ,2026-09-25,2,0.0,0.0
JCI,2026-09-25,1,3.0,0.0
JCI,2026-09-25,2,5.0,1.0
JPM,2026-09-25,1,9.0,0.0
JPM,2026-09-25,2,11.0,0.0
KVUE,2026-09-25,1,2.0,9.0
KVUE,2026-09-25,2,5.0,7.0
KDP,2026-09-25,1,7.0,3.0
KDP,2026-09-25,2,10.0,4.0
KEY,2026-09-25,1,5.0,5.0
KEY,2026-09-25,2,2.0,7.0
KEYS,2026-09-25,1,11.0,0.0
KEYS,2026-09-25,2,11.0,0.0
KMB,2026-09-25,1,2.0,14.0
KMB,2026-09-25,2,3.0,9.0
KIM,2026-09-25,1,2.0,0.0
KIM,2026-09-25,2,2.0,0.0
KMI,2026-09-25,1,2.0,1.0
KMI,2026-09-25,2,2.0,3.0
KKR,2026-09-25,1,5.0,0.0
KKR,2026-09-25,2,4.0,2.0
KLAC,2026-09-25,1,1.0,0.0
KLAC,2026-09-25,2,3.0,0.0
KHC,2026-09-25,1,4.0,9.0
KHC,2026-09-25,2,7.0,8.0
KR,2026-09-25,1,2.0,2.0
KR,2026-09-25,2,2.0,2.0
LHX,2026-09-25,1,3.0,0.0
LHX,2026-09-25,2,2.0,6.0
LH,2026-09-25,1,1.0,2.0
LH,2026-09-25,2,6.0,0.0
LRCX,2026-09-25,1,2.0,0.0
LRCX,2026-09-25,2,2.0,0.0
LVS,2026-09-25,1,0.0,15.0
LVS,2026-09-25,2,1.0,14.0
LDOS,2026-09-25,1,8.0,4.0
LDOS,2026-09-25,2,2.0,10.0
LEN,2026-09-25,1,1.0,1.0
LEN,2026-09-25,2,0.0,1.0
LII,2026-09-25,1,0.0,2.0
LII,2026-09-25,2,0.0,2.0
LLY,2026-09-25,1,13.0,10.0
LLY,2026-09-25,2,19.0,4.0
LIN,2026-09-25,1,7.0,8.0
LIN,2026-09-25,2,3.0,4.0
LYV,2026-09-25,1,10.0,2.0
LYV,2026-09-25,2,6.0,10.0
LMT,2026-09-25,1,18.0,1.0
LMT,2026-09-25,2,18.0,0.0
L,2026-09-25,1,,
L,2026-09-25,2,,
LOW,2026-09-25,1,3.0,26.0
LOW,2026-09-25,2,1.0,29.0
LULU,2026-09-25,1,0.0,14.0
LULU,2026-09-25,2,0.0,15.0
LITE,2026-09-25,1,21.0,0.0
LITE,2026-09-25,2,12.0,0.0
LYB,2026-09-25,1,12.0,3.0
LYB,2026-09-25,2,9.0,5.0
MTB,2026-09-25,1,2.0,1.0
MTB,2026-09-25,2,11.0,2.0
MPC,2026-09-25,1,12.0,0.0
MPC,2026-09-25,2,12.0,0.0
MAR,2026-09-25,1,11.0,3.0
MAR,2026-09-25,2,11.0,5.0
MRSH,2026-09-25,1,4.0,2.0
MRSH,2026-09-25,2,4.0,2.0
MLM,2026-09-25,1,0.0,3.0
MLM,2026-09-25,2,0.0,3.0
MRVL,2026-09-25,1,32.0,1.0
MRVL,2026-09-25,2,33.0,1.0
MAS,2026-09-25,1,20.0,0.0
MAS,2026-09-25,2,5.0,12.0
MA,2026-09-25,1,33.0,1.0
MA,2026-09-25,2,31.0,2.0
MKC,2026-09-25,1,0.0,1.0
MKC,2026-09-25,2,0.0,1.0
MCD,2026-09-25,1,15.0,12.0
MCD,2026-09-25,2,3.0,25.0
MCK,2026-09-25,1,15.0,0.0
MCK,2026-09-25,2,13.0,3.0
MDT,2026-09-25,1,19.0,2.0
MDT,2026-09-25,2,9.0,13.0
MRK,2026-09-25,1,11.0,4.0
MRK,2026-09-25,2,7.0,10.0
META,2026-09-25,1,4.0,45.0
META,2026-09-25,2,7.0,39.0
MET,2026-09-25,1,14.0,0.0
MET,2026-09-25,2,13.0,1.0
MTD,2026-09-25,1,12.0,0.0
MTD,2026-09-25,2,10.0,2.0
MGM,2026-09-25,1,6.0,5.0
MGM,2026-09-25,2,2.0,10.0
MCHP,2026-09-25,1,23.0,0.0
MCHP,2026-09-25,2,20.0,1.0
MU,2026-09-25,1,1.0,1.0
MU,2026-09-25,2,2.0,2.0
MSFT,2026-09-25,1,21.0,8.0
MSFT,2026-09-25,2,19.0,3.0
MAA,2026-09-25,1,0.0,1.0
MAA,2026-09-25,2,0.0,5.0
MRNA,2026-09-25,1,7.0,1.0
MRNA,2026-09-25,2,6.0,4.0
MDLZ,2026-09-25,1,8.0,6.0
MDLZ,2026-09-25,2,6.0,8.0
MPWR,2026-09-25,1,12.0,0.0
MPWR,2026-09-25,2,11.0,1.0
MNST,2026-09-25,1,8.0,1.0
MNST,2026-09-25,2,8.0,3.0
MCO,2026-09-25,1,1.0,0.0
MCO,2026-09-25,2,1.0,0.0
MS,2026-09-25,1,19.0,0.0
MS,2026-09-25,2,19.0,0.0
MOS,2026-09-25,1,0.0,11.0
MOS,2026-09-25,2,1.0,9.0
MSI,2026-09-25,1,12.0,0.0
MSI,2026-09-25,2,14.0,0.0
MSCI,2026-09-25,1,7.0,8.0
MSCI,2026-09-25,2,2.0,1.0
NDAQ,2026-09-25,1,16.0,0.0
NDAQ,2026-09-25,2,3.0,0.0
NTAP,2026-09-25,1,15.0,0.0
NTAP,2026-09-25,2,14.0,0.0
NFLX,2026-09-25,1,3.0,1.0
NFLX,2026-09-25,2,3.0,4.0
NEM,2026-09-25,1,5.0,5.0
NEM,2026-09-25,2,5.0,3.0
NWSA,2026-09-25,1,2.0,2.0
NWSA,2026-09-25,2,2.0,2.0
NWS,2026-09-25,1,2.0,2.0
NWS,2026-09-25,2,2.0,2.0
NEE,2026-09-25,1,2.0,2.0
NEE,2026-09-25,2,4.0,3.0
NKE,2026-09-25,1,1.0,5.0
NKE,2026-09-25,2,1.0,5.0
NI,2026-09-25,1,1.0,4.0
NI,2026-09-25,2,1.0,4.0
NDSN,2026-09-25,1,7.0,0.0
NDSN,2026-09-25,2,7.0,0.0
NSC,2026-09-25,1,0.0,0.0
NSC,2026-09-25,2,5.0,0.0
NTRS,2026-09-25,1,2.0,0.0
NTRS,2026-09-25,2,2.0,0.0
NOC,2026-09-25,1,21.0,0.0
NOC,2026-09-25,2,15.0,3.0
NCLH,2026-09-25,1,1.0,21.0
NCLH,2026-09-25,2,1.0,5.0
NRG,2026-09-25,1,0.0,7.0
NRG,2026-09-25,2,1.0,7.0
NUE,2026-09-25,1,9.0,0.0
NUE,2026-09-25,2,10.0,0.0
NVDA,2026-09-25,1,39.0,1.0
NVDA,2026-09-25,2,42.0,0.0
NVR,2026-09-25,1,3.0,2.0
NVR,2026-09-25,2,1.0,4.0
NXPI,2026-09-25,1,19.0,2.0
NXPI,2026-09-25,2,17.0,4.0
ORLY,2026-09-25,1,11.0,2.0
ORLY,2026-09-25,2,9.0,2.0
OXY,2026-09-25,1,15.0,4.0
OXY,2026-09-25,2,10.0,8.0
ODFL,2026-09-25,1,2.0,1.0
ODFL,2026-09-25,2,2.0,1.0
OMC,2026-09-25,1,2.0,7.0
OMC,2026-09-25,2,3.0,6.0
ON,2026-09-25,1,25.0,2.0
ON,2026-09-25,2,21.0,5.0
OKE,2026-09-25,1,8.0,4.0
OKE,2026-09-25,2,7.0,7.0
ORCL,2026-09-25,1,4.0,0.0
ORCL,2026-09-25,2,4.0,0.0
OTIS,2026-09-25,1,0.0,3.0
OTIS,2026-09-25,2,0.0,5.0
PCAR,2026-09-25,1,8.0,0.0
PCAR,2026-09-25,2,9.0,0.0
PKG,2026-09-25,1,6.0,2.0
PKG,2026-09-25,2,7.0,1.0
PLTR,2026-09-25,1,25.0,0.0
PLTR,2026-09-25,2,26.0,0.0
PANW,2026-09-25,1,36.0,10.0
PANW,2026-09-25,2,4.0,4.0
PSKY,2026-09-25,1,3.0,13.0
PSKY,2026-09-25,2,7.0,7.0
PH,2026-09-25,1,6.0,0.0
PH,2026-09-25,2,4.0,0.0
PAYX,2026-09-25,1,0.0,3.0
PAYX,2026-09-25,2,1.0,1.0
PYPL,2026-09-25,1,36.0,3.0
PYPL,2026-09-25,2,26.0,11.0
PNR,2026-09-25,1,0.0,16.0
PNR,2026-09-25,2,0.0,16.0
PEP,2026-09-25,1,1.0,18.0
PEP,2026-09-25,2,1.0,19.0
PFE,2026-09-25,1,15.0,4.0
PFE,2026-09-25,2,15.0,4.0
PCG,2026-09-25,1,2.0,1.0
PCG,2026-09-25,2,2.0,5.0
PM,2026-09-25,1,2.0,9.0
PM,2026-09-25,2,4.0,7.0
PSX,2026-09-25,1,17.0,0.0
PSX,2026-09-25,2,15.0,1.0
PNW,2026-09-25,1,3.0,0.0
PNW,2026-09-25,2,4.0,0.0
PNC,2026-09-25,1,17.0,1.0
PNC,2026-09-25,2,16.0,2.0
PPG,2026-09-25,1,8.0,9.0
PPG,2026-09-25,2,9.0,10.0
PPL,2026-09-25,1,1.0,2.0
PPL,2026-09-25,2,2.0,1.0
PFG,2026-09-25,1,7.0,1.0
PFG,2026-09-25,2,5.0,3.0
PG,2026-09-25,1,0.0,6.0
PG,2026-09-25,2,2.0,3.0
PGR,2026-09-25,1,18.0,1.0
PGR,2026-09-25,2,9.0,6.0
PLD,2026-09-25,1,1.0,0.0
PLD,2026-09-25,2,1.0,0.0
PRU,2026-09-25,1,12.0,0.0
PRU,2026-09-25,2,11.0,2.0
PEG,2026-09-25,1,2.0,5.0
PEG,2026-09-25,2,3.0,6.0
PTC,2026-09-25,1,2.0,1.0
PTC,2026-09-25,2,3.0,0.0
PSA,2026-09-25,1,1.0,0.0
PSA,2026-09-25,2,1.0,0.0
PHM,2026-09-25,1,10.0,1.0
PHM,2026-09-25,2,9.0,2.0
PWR,2026-09-25,1,22.0,0.0
PWR,2026-09-25,2,24.0,0.0
QCOM,2026-09-25,1,1.0,27.0
QCOM,2026-09-25,2,3.0,27.0
DGX,2026-09-25,1,15.0,0.0
DGX,2026-09-25,2,16.0,0.0
Q,2026-09-25,1,7.0,0.0
Q,2026-09-25,2,8.0,0.0
RL,2026-09-25,1,17.0,0.0
RL,2026-09-25,2,17.0,0.0
RJF,2026-09-25,1,1.0,0.0
RJF,2026-09-25,2,0.0,1.0
RDDT,2026-09-25,1,22.0,4.0
RDDT,2026-09-25,2,23.0,2.0
RTX,2026-09-25,1,23.0,0.0
RTX,2026-09-25,2,23.0,0.0
O,2026-09-25,1,1.0,4.0
O,2026-09-25,2,0.0,2.0
REG,2026-09-25,1,3.0,0.0
REG,2026-09-25,2,1.0,2.0
REGN,2026-09-25,1,23.0,0.0
REGN,2026-09-25,2,5.0,3.0
RF,2026-09-25,1,10.0,3.0
RF,2026-09-25,2,4.0,8.0
RSG,2026-09-25,1,11.0,7.0
RSG,2026-09-25,2,12.0,9.0
RMD,2026-09-25,1,11.0,3.0
RMD,2026-09-25,2,10.0,2.0
RVTY,2026-09-25,1,10.0,0.0
RVTY,2026-09-25,2,10.0,3.0
HOOD,2026-09-25,1,3.0,1.0
HOOD,2026-09-25,2,6.0,0.0
ROK,2026-09-25,1,24.0,2.0
ROK,2026-09-25,2,20.0,3.0
ROL,2026-09-25,1,0.0,2.0
ROL,2026-09-25,2,0.0,17.0
ROP,2026-09-25,1,14.0,0.0
ROP,2026-09-25,2,13.0,3.0
ROST,2026-09-25,1,12.0,0.0
ROST,2026-09-25,2,13.0,0.0
RCL,2026-09-25,1,23.0,0.0
RCL,2026-09-25,2,20.0,4.0
SPGI,2026-09-25,1,0.0,1.0
SPGI,2026-09-25,2,2.0,2.0
CRM,2026-09-25,1,45.0,0.0
CRM,2026-09-25,2,37.0,8.0
SNDK,2026-09-25,1,12.0,7.0
SNDK,2026-09-25,2,7.0,4.0
SBAC,2026-09-25,1,0.0,1.0
SBAC,2026-09-25,2,0.0,1.0
SLB,2026-09-25,1,2.0,6.0
SLB,2026-09-25,2,0.0,7.0
STX,2026-09-25,1,20.0,0.0
STX,2026-09-25,2,15.0,0.0
SRE,2026-09-25,1,3.0,2.0
SRE,2026-09-25,2,1.0,3.0
NOW,2026-09-25,1,9.0,29.0
NOW,2026-09-25,2,17.0,19.0
SHW,2026-09-25,1,3.0,0.0
SHW,2026-09-25,2,21.0,1.0
SPG,2026-09-25,1,0.0,2.0
SPG,2026-09-25,2,1.0,2.0
SWKS,2026-09-25,1,10.0,9.0
SWKS,2026-09-25,2,4.0,14.0
SJM,2026-09-25,1,15.0,0.0
SJM,2026-09-25,2,2.0,1.0
SW,2026-09-25,1,0.0,7.0
SW,2026-09-25,2,6.0,4.0
SNA,2026-09-25,1,1.0,5.0
SNA,2026-09-25,2,5.0,1.0
SOLV,2026-09-25,1,14.0,0.0
SOLV,2026-09-25,2,11.0,3.0
SO,2026-09-25,1,5.0,1.0
SO,2026-09-25,2,2.0,2.0
LUV,2026-09-25,1,2.0,3.0
LUV,2026-09-25,2,1.0,5.0
SWK,2026-09-25,1,13.0,0.0
SWK,2026-09-25,2,10.0,2.0
SBUX,2026-09-25,1,28.0,0.0
SBUX,2026-09-25,2,26.0,1.0
STT,2026-09-25,1,13.0,0.0
STT,2026-09-25,2,14.0,0.0
STLD,2026-09-25,1,1.0,0.0
STLD,2026-09-25,2,0.0,1.0
STE,2026-09-25,1,5.0,1.0
STE,2026-09-25,2,6.0,0.0
SYK,2026-09-25,1,20.0,3.0
SYK,2026-09-25,2,17.0,6.0
SMCI,2026-09-25,1,16.0,0.0
SMCI,2026-09-25,2,8.0,0.0
SYF,2026-09-25,1,1.0,2.0
SYF,2026-09-25,2,7.0,13.0
SNPS,2026-09-25,1,20.0,0.0
SNPS,2026-09-25,2,17.0,1.0
SYY,2026-09-25,1,12.0,0.0
SYY,2026-09-25,2,9.0,2.0
TMUS,2026-09-25,1,18.0,3.0
TMUS,2026-09-25,2,15.0,6.0
TROW,2026-09-25,1,6.0,2.0
TROW,2026-09-25,2,6.0,4.0
TTWO,2026-09-25,1,6.0,4.0
TTWO,2026-09-25,2,7.0,6.0
TPR,2026-09-25,1,17.0,2.0
TPR,2026-09-25,2,7.0,3.0
TRGP,2026-09-25,1,4.0,0.0
TRGP,2026-09-25,2,4.0,1.0
TGT,2026-09-25,1,35.0,0.0
TGT,2026-09-25,2,35.0,0.0
TEL,2026-09-25,1,11.0,0.0
TEL,2026-09-25,2,15.0,0.0
TDY,2026-09-25,1,10.0,0.0
TDY,2026-09-25,2,10.0,0.0
TER,2026-09-25,1,16.0,0.0
TER,2026-09-25,2,15.0,1.0
TSLA,2026-09-25,1,0.0,2.0
TSLA,2026-09-25,2,4.0,19.0
TXN,2026-09-25,1,25.0,0.0
TXN,2026-09-25,2,23.0,0.0
TPL,2026-09-25,1,0.0,2.0
TPL,2026-09-25,2,0.0,1.0
TXT,2026-09-25,1,2.0,10.0
TXT,2026-09-25,2,5.0,9.0
TMO,2026-09-25,1,24.0,0.0
TMO,2026-09-25,2,22.0,2.0
TJX,2026-09-25,1,8.0,1.0
TJX,2026-09-25,2,7.0,1.0
TKO,2026-09-25,1,4.0,2.0
TKO,2026-09-25,2,4.0,2.0
TSCO,2026-09-25,1,0.0,12.0
TSCO,2026-09-25,2,0.0,14.0
TT,2026-09-25,1,1.0,0.0
TT,2026-09-25,2,5.0,1.0
TDG,2026-09-25,1,19.0,0.0
TDG,2026-09-25,2,19.0,0.0
TRV,2026-09-25,1,26.0,0.0
TRV,2026-09-25,2,24.0,0.0
TRMB,2026-09-25,1,12.0,0.0
TRMB,2026-09-25,2,9.0,3.0
TFC,2026-09-25,1,16.0,0.0
TFC,2026-09-25,2,1.0,14.0
TYL,2026-09-25,1,20.0,0.0
TYL,2026-09-25,2,21.0,0.0
TSN,2026-09-25,1,3.0,4.0
TSN,2026-09-25,2,4.0,4.0
USB,2026-09-25,1,12.0,0.0
USB,2026-09-25,2,10.0,0.0
UBER,2026-09-25,1,27.0,2.0
UBER,2026-09-25,2,20.0,9.0
UDR,2026-09-25,1,5.0,0.0
UDR,2026-09-25,2,0.0,1.0
ULTA,2026-09-25,1,15.0,1.0
ULTA,2026-09-25,2,12.0,4.0
UNP,2026-09-25,1,23.0,0.0
UNP,2026-09-25,2,22.0,0.0
UAL,2026-09-25,1,0.0,1.0
UAL,2026-09-25,2,0.0,2.0
UPS,2026-09-25,1,3.0,2.0
UPS,2026-09-25,2,19.0,5.0
URI,2026-09-25,1,18.0,0.0
URI,2026-09-25,2,18.0,0.0
UNH,2026-09-25,1,4.0,0.0
UNH,2026-09-25,2,5.0,1.0
UHS,2026-09-25,1,2.0,11.0
UHS,2026-09-25,2,1.0,12.0
VLO,2026-09-25,1,7.0,0.0
VLO,2026-09-25,2,7.0,1.0
VEEV,2026-09-25,1,24.0,0.0
VEEV,2026-09-25,2,23.0,0.0
VTR,2026-09-25,1,0.0,1.0
VTR,2026-09-25,2,0.0,1.0
VLTO,2026-09-25,1,17.0,0.0
VLTO,2026-09-25,2,16.0,1.0
VRSN,2026-09-25,1,1.0,0.0
VRSN,2026-09-25,2,2.0,0.0
VRSK,2026-09-25,1,14.0,3.0
VRSK,2026-09-25,2,11.0,6.0
VZ,2026-09-25,1,0.0,1.0
VZ,2026-09-25,2,1.0,0.0
VRTX,2026-09-25,1,5.0,7.0
VRTX,2026-09-25,2,8.0,5.0
VRT,2026-09-25,1,2.0,0.0
VRT,2026-09-25,2,2.0,1.0
VTRS,2026-09-25,1,5.0,0.0
VTRS,2026-09-25,2,3.0,3.0
VICI,2026-09-25,1,0.0,0.0
VICI,2026-09-25,2,0.0,0.0
V,2026-09-25,1,30.0,6.0
V,2026-09-25,2,28.0,4.0
VST,2026-09-25,1,2.0,4.0
VST,2026-09-25,2,0.0,6.0
VMRK,2026-09-25,1,0.0,0.0
VMRK,2026-09-25,2,0.0,0.0
VMC,2026-09-25,1,4.0,9.0
VMC,2026-09-25,2,5.0,9.0
WRB,2026-09-25,1,16.0,0.0
WRB,2026-09-25,2,3.0,0.0
GWW,2026-09-25,1,14.0,2.0
GWW,2026-09-25,2,13.0,1.0
WAB,2026-09-25,1,11.0,0.0
WAB,2026-09-25,2,10.0,1.0
WMT,2026-09-25,1,9.0,19.0
WMT,2026-09-25,2,4.0,25.0
DIS,2026-09-25,1,21.0,3.0
DIS,2026-09-25,2,10.0,13.0
WBD,2026-09-25,1,10.0,3.0
WBD,2026-09-25,2,4.0,5.0
WM,2026-09-25,1,10.0,14.0
WM,2026-09-25,2,9.0,17.0
WAT,2026-09-25,1,21.0,2.0
WAT,2026-09-25,2,13.0,10.0
WEC,2026-09-25,1,1.0,1.0
WEC,2026-09-25,2,1.0,3.0
WFC,2026-09-25,1,4.0,0.0
WFC,2026-09-25,2,4.0,0.0
WELL,2026-09-25,1,0.0,0.0
WELL,2026-09-25,2,1.0,2.0
WST,2026-09-25,1,14.0,0.0
WST,2026-09-25,2,14.0,0.0
WDC,2026-09-25,1,16.0,0.0
WDC,2026-09-25,2,10.0,0.0
WY,2026-09-25,1,1.0,0.0
WY,2026-09-25,2,2.0,2.0
WSM,2026-09-25,1,12.0,1.0
WSM,2026-09-25,2,14.0,0.0
WMB,2026-09-25,1,3.0,4.0
WMB,2026-09-25,2,5.0,3.0
WTW,2026-09-25,1,18.0,0.0
WTW,2026-09-25,2,19.0,0.0
WDAY,2026-09-25,1,32.0,3.0
WDAY,2026-09-25,2,35.0,1.0
WYNN,2026-09-25,1,10.0,6.0
WYNN,2026-09-25,2,3.0,5.0
XEL,2026-09-25,1,3.0,0.0
XEL,2026-09-25,2,4.0,0.0
XYL,2026-09-25,1,21.0,0.0
XYL,2026-09-25,2,17.0,3.0
YUM,2026-09-25,1,0.0,14.0
YUM,2026-09-25,2,6.0,5.0
ZBRA,2026-09-25,1,16.0,0.0
ZBRA,2026-09-25,2,16.0,0.0
ZBH,2026-09-25,1,22.0,1.0
ZBH,2026-09-25,2,19.0,5.0
ZTS,2026-09-25,1,0.0,15.0
ZTS,2026-09-25,2,0.0,15.0
III.L,2026-09-25,1,2.0,2.0
III.L,2026-09-25,2,0.0,2.0
ABDN.L,2026-09-25,1,10.0,2.0
ABDN.L,2026-09-25,2,7.0,5.0
ADM.L,2026-09-25,1,4.0,2.0
ADM.L,2026-09-25,2,5.0,1.0
AAF.L,2026-09-25,1,1.0,0.0
AAF.L,2026-09-25,2,0.0,1.0
ALW.L,2026-09-25,1,,
ALW.L,2026-09-25,2,,
AAL.L,2026-09-25,1,7.0,3.0
AAL.L,2026-09-25,2,4.0,2.0
ANTO.L,2026-09-25,1,7.0,5.0
ANTO.L,2026-09-25,2,4.0,7.0
ABF.L,2026-09-25,1,2.0,1.0
ABF.L,2026-09-25,2,2.0,1.0
AZN.L,2026-09-25,1,3.0,4.0
AZN.L,2026-09-25,2,4.0,4.0
AUTO.L,2026-09-25,1,1.0,2.0
AUTO.L,2026-09-25,2,2.0,2.0
AV.L,2026-09-25,1,6.0,0.0
AV.L,2026-09-25,2,6.0,0.0
BAB.L,2026-09-25,1,0.0,2.0
BAB.L,2026-09-25,2,0.0,2.0
BA.L,2026-09-25,1,9.0,2.0
BA.L,2026-09-25,2,9.0,2.0
BARC.L,2026-09-25,1,1.0,3.0
BARC.L,2026-09-25,2,1.0,3.0
BTRW.L,2026-09-25,1,1.0,2.0
BTRW.L,2026-09-25,2,1.0,1.0
BEZ.L,2026-09-25,1,1.0,1.0
BEZ.L,2026-09-25,2,0.0,2.0
BP.L,2026-09-25,1,9.0,2.0
BP.L,2026-09-25,2,7.0,4.0
BATS.L,2026-09-25,1,0.0,2.0
BATS.L,2026-09-25,2,4.0,3.0
BLND.L,2026-09-25,1,1.0,3.0
BLND.L,2026-09-25,2,0.0,3.0
BT-A.L,2026-09-25,1,5.0,2.0
BT-A.L,2026-09-25,2,5.0,2.0
BNZL.L,2026-09-25,1,11.0,1.0
BNZL.L,2026-09-25,2,11.0,1.0
BRBY.L,2026-09-25,1,0.0,5.0
BRBY.L,2026-09-25,2,0.0,3.0
CNA.L,2026-09-25,1,3.0,3.0
CNA.L,2026-09-25,2,0.0,7.0
CCEP.L,2026-09-25,1,2.0,1.0
CCEP.L,2026-09-25,2,3.0,0.0
CCH.L,2026-09-25,1,11.0,1.0
CCH.L,2026-09-25,2,8.0,5.0
CPG.L,2026-09-25,1,5.0,6.0
CPG.L,2026-09-25,2,4.0,9.0
CCC.L,2026-09-25,1,2.0,0.0
CCC.L,2026-09-25,2,2.0,0.0
CTEC.L,2026-09-25,1,8.0,1.0
CTEC.L,2026-09-25,2,6.0,1.0
CRDA.L,2026-09-25,1,1.0,2.0
CRDA.L,2026-09-25,2,0.0,3.0
DCC.L,2026-09-25,1,1.0,0.0
DCC.L,2026-09-25,2,1.0,0.0
DGE.L,2026-09-25,1,16.0,3.0
DGE.L,2026-09-25,2,14.0,2.0
DPLM.L,2026-09-25,1,2.0,0.0
DPLM.L,2026-09-25,2,3.0,0.0
EZJ.L,2026-09-25,1,1.0,5.0
EZJ.L,2026-09-25,2,1.0,7.0
EDV.L,2026-09-25,1,4.0,3.0
EDV.L,2026-09-25,2,1.0,7.0
EXPN.L,2026-09-25,1,0.0,2.0
EXPN.L,2026-09-25,2,0.0,2.0
FCIT.L,2026-09-25,1,,
FCIT.L,2026-09-25,2,,
FRES.L,2026-09-25,1,4.0,3.0
FRES.L,2026-09-25,2,3.0,4.0
GAW.L,2026-09-25,1,1.0,1.0
GAW.L,2026-09-25,2,0.0,2.0
GLEN.L,2026-09-25,1,6.0,6.0
GLEN.L,2026-09-25,2,4.0,7.0
GSK.L,2026-09-25,1,2.0,5.0
GSK.L,2026-09-25,2,1.0,9.0
HLN.L,2026-09-25,1,13.0,4.0
HLN.L,2026-09-25,2,11.0,5.0
HLMA.L,2026-09-25,1,4.0,0.0
HLMA.L,2026-09-25,2,4.0,0.0
HSX.L,2026-09-25,1,4.0,1.0
HSX.L,2026-09-25,2,3.0,2.0
HWDN.L,2026-09-25,1,8.0,4.0
HWDN.L,2026-09-25,2,7.0,6.0
HSBA.L,2026-09-25,1,6.0,2.0
HSBA.L,2026-09-25,2,6.0,3.0
ICG.L,2026-09-25,1,5.0,2.0
ICG.L,2026-09-25,2,7.0,1.0
IGG.L,2026-09-25,1,2.0,2.0
IGG.L,2026-09-25,2,2.0,2.0
IHG.L,2026-09-25,1,9.0,3.0
IHG.L,2026-09-25,2,10.0,2.0
IMI.L,2026-09-25,1,7.0,3.0
IMI.L,2026-09-25,2,4.0,4.0
IMB.L,2026-09-25,1,2.0,7.0
IMB.L,2026-09-25,2,4.0,5.0
INF.L,2026-09-25,1,1.0,1.0
INF.L,2026-09-25,2,1.0,2.0
IAG.L,2026-09-25,1,3.0,7.0
IAG.L,2026-09-25,2,4.0,6.0
ITRK.L,2026-09-25,1,2.0,1.0
ITRK.L,2026-09-25,2,3.0,2.0
INVP.L,2026-09-25,1,1.0,0.0
INVP.L,2026-09-25,2,1.0,0.0
ITH.L,2026-09-25,1,1.0,0.0
ITH.L,2026-09-25,2,1.0,0.0
JD.L,2026-09-25,1,0.0,14.0
JD.L,2026-09-25,2,1.0,13.0
BGEO.L,2026-09-25,1,2.0,1.0
BGEO.L,2026-09-25,2,0.0,3.0
KGF.L,2026-09-25,1,1.0,0.0
KGF.L,2026-09-25,2,1.0,0.0
LAND.L,2026-09-25,1,0.0,2.0
LAND.L,2026-09-25,2,0.0,1.0
LGEN.L,2026-09-25,1,4.0,3.0
LGEN.L,2026-09-25,2,2.0,5.0
LLOY.L,2026-09-25,1,5.0,6.0
LLOY.L,2026-09-25,2,3.0,2.0
LMP.L,2026-09-25,1,2.0,0.0
LMP.L,2026-09-25,2,4.0,1.0
LSEG.L,2026-09-25,1,3.0,3.0
LSEG.L,2026-09-25,2,4.0,3.0
MNG.L,2026-09-25,1,0.0,1.0
MNG.L,2026-09-25,2,2.0,0.0
MKS.L,2026-09-25,1,1.0,1.0
MKS.L,2026-09-25,2,1.0,1.0
MRO.L,2026-09-25,1,0.0,6.0
MRO.L,2026-09-25,2,1.0,7.0
MTLN.L,2026-09-25,1,3.0,0.0
MTLN.L,2026-09-25,2,3.0,0.0
NG.L,2026-09-25,1,1.0,1.0
NG.L,2026-09-25,2,1.0,1.0
NWG.L,2026-09-25,1,4.0,0.0
NWG.L,2026-09-25,2,5.0,3.0
NXT.L,2026-09-25,1,16.0,0.0
NXT.L,2026-09-25,2,13.0,3.0
PSON.L,2026-09-25,1,2.0,3.0
PSON.L,2026-09-25,2,1.0,4.0
PSH.L,2026-09-25,1,,
PSH.L,2026-09-25,2,,
PCT.L,2026-09-25,1,,
PCT.L,2026-09-25,2,,
PRU.L,2026-09-25,1,1.0,3.0
PRU.L,2026-09-25,2,3.0,1.0
RKT.L,2026-09-25,1,4.0,4.0
RKT.L,2026-09-25,2,4.0,4.0
REL.L,2026-09-25,1,9.0,5.0
REL.L,2026-09-25,2,8.0,6.0
RTO.L,2026-09-25,1,3.0,14.0
RTO.L,2026-09-25,2,2.0,15.0
RIO.L,2026-09-25,1,8.0,8.0
RIO.L,2026-09-25,2,5.0,12.0
RR.L,2026-09-25,1,15.0,0.0
RR.L,2026-09-25,2,13.0,2.0
SGE.L,2026-09-25,1,7.0,4.0
SGE.L,2026-09-25,2,6.0,5.0
SBRY.L,2026-09-25,1,1.0,1.0
SBRY.L,2026-09-25,2,3.0,0.0
SDR.L,2026-09-25,1,1.0,0.0
SDR.L,2026-09-25,2,1.0,0.0
SMT.L,2026-09-25,1,,
SMT.L,2026-09-25,2,,
SGRO.L,2026-09-25,1,3.0,1.0
SGRO.L,2026-09-25,2,2.0,2.0
SVT.L,2026-09-25,1,0.0,1.0
SVT.L,2026-09-25,2,1.0,0.0
SHEL.L,2026-09-25,1,3.0,0.0
SHEL.L,2026-09-25,2,3.0,2.0
SMIN.L,2026-09-25,1,1.0,4.0
SMIN.L,2026-09-25,2,1.0,4.0
SN.L,2026-09-25,1,3.0,7.0
SN.L,2026-09-25,2,1.0,11.0
SPX.L,2026-09-25,1,11.0,2.0
SPX.L,2026-09-25,2,11.0,3.0
SSE.L,2026-09-25,1,2.0,0.0
SSE.L,2026-09-25,2,1.0,1.0
STAN.L,2026-09-25,1,7.0,0.0
STAN.L,2026-09-25,2,4.0,3.0
SDLF.L,2026-09-25,1,3.0,2.0
SDLF.L,2026-09-25,2,1.0,0.0
STJ.L,2026-09-25,1,7.0,0.0
STJ.L,2026-09-25,2,5.0,3.0
TSCO.L,2026-09-25,1,2.0,1.0
TSCO.L,2026-09-25,2,2.0,1.0
BBOX.L,2026-09-25,1,0.0,7.0
BBOX.L,2026-09-25,2,1.0,7.0
ULVR.L,2026-09-25,1,2.0,3.0
ULVR.L,2026-09-25,2,4.0,2.0
UU.L,2026-09-25,1,2.0,0.0
UU.L,2026-09-25,2,1.0,1.0
VOD.L,2026-09-25,1,4.0,2.0
VOD.L,2026-09-25,2,2.0,0.0
WEIR.L,2026-09-25,1,12.0,4.0
WEIR.L,2026-09-25,2,3.0,1.0
WTB.L,2026-09-25,1,4.0,1.0
WTB.L,2026-09-25,2,4.0,1.0
3IN.L,2026-09-25,1,1.0,0.0
3IN.L,2026-09-25,2,0.0,0.0
FOUR.L,2026-09-25,1,5.0,0.0
FOUR.L,2026-09-25,2,6.0,0.0
AAS.L,2026-09-25,1,,
AAS.L,2026-09-25,2,,
ASL.L,2026-09-25,1,,
ASL.L,2026-09-25,2,,
AEP.L,2026-09-25,1,3.0,0.0
AEP.L,2026-09-25,2,1.0,2.0
ALFA.L,2026-09-25,1,0.0,1.0
ALFA.L,2026-09-25,2,2.0,3.0
ATT.L,2026-09-25,1,,
ATT.L,2026-09-25,2,,
AO.L,2026-09-25,1,2.0,1.0
AO.L,2026-09-25,2,1.0,1.0
APN.L,2026-09-25,1,7.0,0.0
APN.L,2026-09-25,2,7.0,0.0
ASHM.L,2026-09-25,1,0.0,3.0
ASHM.L,2026-09-25,2,4.0,1.0
AIE.L,2026-09-25,1,,
AIE.L,2026-09-25,2,,
ATYM.L,2026-09-25,1,5.0,1.0
ATYM.L,2026-09-25,2,4.0,1.0
ATG.L,2026-09-25,1,4.0,0.0
ATG.L,2026-09-25,2,3.0,1.0
AGT.L,2026-09-25,1,,
AGT.L,2026-09-25,2,,
AVON.L,2026-09-25,1,1.0,0.0
AVON.L,2026-09-25,2,0.0,1.0
BME.L,2026-09-25,1,1.0,1.0
BME.L,2026-09-25,2,0.0,2.0
BGFD.L,2026-09-25,1,,
BGFD.L,2026-09-25,2,,
USA.L,2026-09-25,1,,
USA.L,2026-09-25,2,,
BBY.L,2026-09-25,1,8.0,0.0
BBY.L,2026-09-25,2,8.0,0.0
BCG.L,2026-09-25,1,0.0,1.0
BCG.L,2026-09-25,2,0.0,0.0
BNKR.L,2026-09-25,1,,
BNKR.L,2026-09-25,2,,
BAG.L,2026-09-25,1,2.0,7.0
BAG.L,2026-09-25,2,2.0,6.0
AJB.L,2026-09-25,1,11.0,0.0
AJB.L,2026-09-25,2,12.0,0.0
BWY.L,2026-09-25,1,2.0,12.0
BWY.L,2026-09-25,2,2.0,11.0
BKG.L,2026-09-25,1,5.0,12.0
BKG.L,2026-09-25,2,10.0,6.0
BHMG.L,2026-09-25,1,,
BHMG.L,2026-09-25,2,,
BYG.L,2026-09-25,1,0.0,3.0
BYG.L,2026-09-25,2,0.0,2.0
BPCR.L,2026-09-25,1,,
BPCR.L,2026-09-25,2,,
BRGE.L,2026-09-25,1,,
BRGE.L,2026-09-25,2,,
BRSC.L,2026-09-25,1,,
BRSC.L,2026-09-25,2,,
BMY.L,2026-09-25,1,1.0,0.0
BMY.L,2026-09-25,2,0.0,1.0
BOY.L,2026-09-25,1,1.0,0.0
BOY.L,2026-09-25,2,6.0,0.0
BREE.L,2026-09-25,1,1.0,0.0
BREE.L,2026-09-25,2,0.0,2.0
BPT.L,2026-09-25,1,4.0,0.0
BPT.L,2026-09-25,2,3.0,0.0
BUT.L,2026-09-25,1,,
BUT.L,2026-09-25,2,,
BYIT.L,2026-09-25,1,1.0,0.0
BYIT.L,2026-09-25,2,1.0,0.0
CLDN.L,2026-09-25,1,,
CLDN.L,2026-09-25,2,,
CGT.L,2026-09-25,1,,
CGT.L,2026-09-25,2,,
CWR.L,2026-09-25,1,1.0,0.0
CWR.L,2026-09-25,2,2.0,0.0
CHG.L,2026-09-25,1,0.0,2.0
CHG.L,2026-09-25,2,0.0,2.0
CSN.L,2026-09-25,1,0.0,0.0
CSN.L,2026-09-25,2,1.0,1.0
CTY.L,2026-09-25,1,,
CTY.L,2026-09-25,2,,
CKN.L,2026-09-25,1,4.0,0.0
CKN.L,2026-09-25,2,4.0,0.0
CBG.L,2026-09-25,1,1.0,0.0
CBG.L,2026-09-25,2,1.0,0.0
CMCX.L,2026-09-25,1,1.0,0.0
CMCX.L,2026-09-25,2,1.0,0.0
COA.L,2026-09-25,1,2.0,3.0
COA.L,2026-09-25,2,2.0,3.0
CORD.L,2026-09-25,1,0.0,1.0
CORD.L,2026-09-25,2,0.0,0.0
COST.L,2026-09-25,1,2.0,1.0
COST.L,2026-09-25,2,1.0,1.0
CWK.L,2026-09-25,1,0.0,2.0
CWK.L,2026-09-25,2,1.0,1.0
CURY.L,2026-09-25,1,2.0,3.0
CURY.L,2026-09-25,2,4.0,3.0
CVSG.L,2026-09-25,1,3.0,5.0
CVSG.L,2026-09-25,2,3.0,4.0
DLN.L,2026-09-25,1,6.0,0.0
DLN.L,2026-09-25,2,2.0,5.0
DSCV.L,2026-09-25,1,1.0,0.0
DSCV.L,2026-09-25,2,0.0,1.0
DOM.L,2026-09-25,1,4.0,3.0
DOM.L,2026-09-25,2,4.0,3.0
DRX.L,2026-09-25,1,0.0,1.0
DRX.L,2026-09-25,2,2.0,1.0
DOCS.L,2026-09-25,1,1.0,4.0
DOCS.L,2026-09-25,2,0.0,5.0
DNLM.L,2026-09-25,1,1.0,1.0
DNLM.L,2026-09-25,2,1.0,1.0
EDIN.L,2026-09-25,1,,
EDIN.L,2026-09-25,2,,
EWI.L,2026-09-25,1,,
EWI.L,2026-09-25,2,,
ELM.L,2026-09-25,1,5.0,0.0
ELM.L,2026-09-25,2,5.0,1.0
ENOG.L,2026-09-25,1,0.0,0.0
ENOG.L,2026-09-25,2,0.0,0.0
ENT.L,2026-09-25,1,1.0,8.0
ENT.L,2026-09-25,2,0.0,9.0
ESCT.L,2026-09-25,1,,
ESCT.L,2026-09-25,2,,
EWG.L,2026-09-25,1,0.0,3.0
EWG.L,2026-09-25,2,0.0,2.0
FCSS.L,2026-09-25,1,,
FCSS.L,2026-09-25,2,,
FEML.L,2026-09-25,1,,
FEML.L,2026-09-25,2,,
FEV.L,2026-09-25,1,,
FEV.L,2026-09-25,2,,
FSV.L,2026-09-25,1,,
FSV.L,2026-09-25,2,,
FGT.L,2026-09-25,1,,
FGT.L,2026-09-25,2,,
FGP.L,2026-09-25,1,0.0,1.0
FGP.L,2026-09-25,2,0.0,2.0
FGEN.L,2026-09-25,1,0.0,0.0
FGEN.L,2026-09-25,2,0.0,0.0
FSG.L,2026-09-25,1,1.0,3.0
FSG.L,2026-09-25,2,0.0,3.0
FRAS.L,2026-09-25,1,0.0,3.0
FRAS.L,2026-09-25,2,0.0,3.0
FCH.L,2026-09-25,1,5.0,0.0
FCH.L,2026-09-25,2,4.0,1.0
GFRD.L,2026-09-25,1,5.0,0.0
GFRD.L,2026-09-25,2,5.0,0.0
GAMA.L,2026-09-25,1,0.0,1.0
GAMA.L,2026-09-25,2,0.0,1.0
GCP.L,2026-09-25,1,1.0,0.0
GCP.L,2026-09-25,2,0.0,1.0
GEN.L,2026-09-25,1,0.0,7.0
GEN.L,2026-09-25,2,1.0,6.0
GNS.L,2026-09-25,1,1.0,0.0
GNS.L,2026-09-25,2,4.0,0.0
DATA.L,2026-09-25,1,1.0,6.0
DATA.L,2026-09-25,2,1.0,6.0
GSCT.L,2026-09-25,1,,
GSCT.L,2026-09-25,2,,
GDWN.L,2026-09-25,1,,
GDWN.L,2026-09-25,2,,
GFTU.L,2026-09-25,1,2.0,1.0
GFTU.L,2026-09-25,2,3.0,0.0
GRI.L,2026-09-25,1,0.0,0.0
GRI.L,2026-09-25,2,0.0,0.0
GPE.L,2026-09-25,1,1.0,6.0
GPE.L,2026-09-25,2,3.0,4.0
UKW.L,2026-09-25,1,0.0,2.0
UKW.L,2026-09-25,2,1.0,2.0
GNC.L,2026-09-25,1,8.0,0.0
GNC.L,2026-09-25,2,7.0,1.0
GRG.L,2026-09-25,1,7.0,4.0
GRG.L,2026-09-25,2,6.0,5.0
HFD.L,2026-09-25,1,6.0,0.0
HFD.L,2026-09-25,2,6.0,0.0
HMSO.L,2026-09-25,1,5.0,1.0
HMSO.L,2026-09-25,2,5.0,1.0
HANA.L,2026-09-25,1,,
HANA.L,2026-09-25,2,,
HBR.L,2026-09-25,1,3.0,1.0
HBR.L,2026-09-25,2,3.0,1.0
HVPE.L,2026-09-25,1,0.0,1.0
HVPE.L,2026-09-25,2,0.0,0.0
HWG.L,2026-09-25,1,0.0,1.0
HWG.L,2026-09-25,2,0.0,1.0
HAS.L,2026-09-25,1,3.0,1.0
HAS.L,2026-09-25,2,2.0,2.0
HTWS.L,2026-09-25,1,2.0,0.0
HTWS.L,2026-09-25,2,3.0,0.0
HFEL.L,2026-09-25,1,,
HFEL.L,2026-09-25,2,,
HSL.L,2026-09-25,1,,
HSL.L,2026-09-25,2,,
HRI.L,2026-09-25,1,,
HRI.L,2026-09-25,2,,
HGT.L,2026-09-25,1,0.0,1.0
HGT.L,2026-09-25,2,0.0,0.0
HICL.L,2026-09-25,1,1.0,0.0
HICL.L,2026-09-25,2,0.0,0.0
HIK.L,2026-09-25,1,7.0,1.0
HIK.L,2026-09-25,2,5.0,3.0
HILS.L,2026-09-25,1,3.0,4.0
HILS.L,2026-09-25,2,5.0,2.0
HFG.L,2026-09-25,1,2.0,0.0
HFG.L,2026-09-25,2,2.0,0.0
HOC.L,2026-09-25,1,3.0,1.0
HOC.L,2026-09-25,2,2.0,2.0
BOWL.L,2026-09-25,1,1.0,2.0
BOWL.L,2026-09-25,2,3.0,0.0
HTG.L,2026-09-25,1,1.0,8.0
HTG.L,2026-09-25,2,3.0,6.0
ICGT.L,2026-09-25,1,0.0,1.0
ICGT.L,2026-09-25,2,0.0,0.0
INCH.L,2026-09-25,1,7.0,2.0
INCH.L,2026-09-25,2,8.0,0.0
IHP.L,2026-09-25,1,7.0,0.0
IHP.L,2026-09-25,2,9.0,0.0
INPP.L,2026-09-25,1,0.0,0.0
INPP.L,2026-09-25,2,0.0,0.0
IWG.L,2026-09-25,1,1.0,2.0
IWG.L,2026-09-25,2,1.0,3.0
IAD.L,2026-09-25,1,,
IAD.L,2026-09-25,2,,
IPO.L,2026-09-25,1,0.0,1.0
IPO.L,2026-09-25,2,0.0,1.0
ITV.L,2026-09-25,1,0.0,7.0
ITV.L,2026-09-25,2,0.0,7.0
JMAT.L,2026-09-25,1,2.0,2.0
JMAT.L,2026-09-25,2,1.0,2.0
JSG.L,2026-09-25,1,0.0,4.0
JSG.L,2026-09-25,2,1.0,4.0
JAM.L,2026-09-25,1,,
JAM.L,2026-09-25,2,,
JCH.L,2026-09-25,1,,
JCH.L,2026-09-25,2,,
JEMI.L,2026-09-25,1,,
JEMI.L,2026-09-25,2,,
JMGI.L,2026-09-25,1,,
JMGI.L,2026-09-25,2,,
JEDT.L,2026-09-25,1,,
JEDT.L,2026-09-25,2,,
JEGI.L,2026-09-25,1,,
JEGI.L,2026-09-25,2,,
JGGI.L,2026-09-25,1,,
JGGI.L,2026-09-25,2,,
JFJ.L,2026-09-25,1,,
JFJ.L,2026-09-25,2,,
JUP.L,2026-09-25,1,1.0,0.0
JUP.L,2026-09-25,2,1.0,0.0
KNOS.L,2026-09-25,1,8.0,0.0
KNOS.L,2026-09-25,2,6.0,2.0
KLR.L,2026-09-25,1,7.0,0.0
KLR.L,2026-09-25,2,7.0,0.0
KIE.L,2026-09-25,1,1.0,1.0
KIE.L,2026-09-25,2,1.0,1.0
LRE.L,2026-09-25,1,1.0,7.0
LRE.L,2026-09-25,2,0.0,7.0
LWDB.L,2026-09-25,1,,
LWDB.L,2026-09-25,2,,
EMG.L,2026-09-25,1,1.0,0.0
EMG.L,2026-09-25,2,2.0,0.0
MEGP.L,2026-09-25,1,0.0,1.0
MEGP.L,2026-09-25,2,1.0,0.0
MRC.L,2026-09-25,1,,
MRC.L,2026-09-25,2,,
MRCH.L,2026-09-25,1,,
MRCH.L,2026-09-25,2,,
MTRO.L,2026-09-25,1,0.0,2.0
MTRO.L,2026-09-25,2,1.0,1.0
PAGE.L,2026-09-25,1,1.0,3.0
PAGE.L,2026-09-25,2,2.0,2.0
MAB.L,2026-09-25,1,1.0,2.0
MAB.L,2026-09-25,2,1.0,2.0
MTO.L,2026-09-25,1,1.0,0.0
MTO.L,2026-09-25,2,1.0,0.0
GROW.L,2026-09-25,1,2.0,1.0
GROW.L,2026-09-25,2,4.0,0.0
MNDI.L,2026-09-25,1,1.0,1.0
MNDI.L,2026-09-25,2,4.0,1.0
MNKS.L,2026-09-25,1,,
MNKS.L,2026-09-25,2,,
MONY.L,2026-09-25,1,3.0,2.0
MONY.L,2026-09-25,2,3.0,4.0
MOON.L,2026-09-25,1,8.0,1.0
MOON.L,2026-09-25,2,6.0,2.0
MGAM.L,2026-09-25,1,4.0,0.0
MGAM.L,2026-09-25,2,3.0,1.0
MGNS.L,2026-09-25,1,6.0,0.0
MGNS.L,2026-09-25,2,5.0,0.0
MUT.L,2026-09-25,1,,
MUT.L,2026-09-25,2,,
MYI.L,2026-09-25,1,,
MYI.L,2026-09-25,2,,
NCC.L,2026-09-25,1,2.0,0.0
NCC.L,2026-09-25,2,2.0,0.0
NBPE.L,2026-09-25,1,0.0,1.0
NBPE.L,2026-09-25,2,0.0,0.0
N91.L,2026-09-25,1,2.0,0.0
N91.L,2026-09-25,2,1.0,1.0
NAIT.L,2026-09-25,1,,
NAIT.L,2026-09-25,2,,
NAS.L,2026-09-25,1,,
NAS.L,2026-09-25,2,,
OCI.L,2026-09-25,1,1.0,0.0
OCI.L,2026-09-25,2,0.0,0.0
OCDO.L,2026-09-25,1,0.0,1.0
OCDO.L,2026-09-25,2,0.0,0.0
OSB.L,2026-09-25,1,0.0,9.0
OSB.L,2026-09-25,2,0.0,9.0
OXB.L,2026-09-25,1,1.0,5.0
OXB.L,2026-09-25,2,1.0,5.0
OXIG.L,2026-09-25,1,0.0,0.0
OXIG.L,2026-09-25,2,0.0,0.0
ONT.L,2026-09-25,1,4.0,0.0
ONT.L,2026-09-25,2,3.0,1.0
PHI.L,2026-09-25,1,,
PHI.L,2026-09-25,2,,
PAF.L,2026-09-25,1,0.0,1.0
PAF.L,2026-09-25,2,0.0,1.0
PINT.L,2026-09-25,1,0.0,0.0
PINT.L,2026-09-25,2,0.0,0.0
PIN.L,2026-09-25,1,0.0,1.0
PIN.L,2026-09-25,2,0.0,0.0
PAG.L,2026-09-25,1,0.0,4.0
PAG.L,2026-09-25,2,0.0,3.0
PEY.L,2026-09-25,1,0.0,1.0
PEY.L,2026-09-25,2,0.0,0.0
PPET.L,2026-09-25,1,,
PPET.L,2026-09-25,2,,
PNN.L,2026-09-25,1,0.0,0.0
PNN.L,2026-09-25,2,0.0,2.0
PSN.L,2026-09-25,1,6.0,9.0
PSN.L,2026-09-25,2,7.0,8.0
PNL.L,2026-09-25,1,,
PNL.L,2026-09-25,2,,
PETS.L,2026-09-25,1,3.0,1.0
PETS.L,2026-09-25,2,2.0,0.0
PINE.L,2026-09-25,1,0.0,2.0
PINE.L,2026-09-25,2,0.0,2.0
PTEC.L,2026-09-25,1,1.0,0.0
PTEC.L,2026-09-25,2,2.0,0.0
PLUS.L,2026-09-25,1,0.0,4.0
PLUS.L,2026-09-25,2,1.0,3.0
PCGH.L,2026-09-25,1,,
PCGH.L,2026-09-25,2,,
POLN.L,2026-09-25,1,1.0,0.0
POLN.L,2026-09-25,2,1.0,0.0
PPH.L,2026-09-25,1,0.0,1.0
PPH.L,2026-09-25,2,0.0,1.0
PFD.L,2026-09-25,1,3.0,1.0
PFD.L,2026-09-25,2,2.0,2.0
PHP.L,2026-09-25,1,4.0,3.0
PHP.L,2026-09-25,2,3.0,3.0
PRN.L,2026-09-25,1,3.0,0.0
PRN.L,2026-09-25,2,2.0,0.0
QQ.L,2026-09-25,1,0.0,1.0
QQ.L,2026-09-25,2,0.0,1.0
QLT.L,2026-09-25,1,6.0,4.0
QLT.L,2026-09-25,2,9.0,2.0
RNK.L,2026-09-25,1,1.0,2.0
RNK.L,2026-09-25,2,1.0,1.0
RPI.L,2026-09-25,1,2.0,1.0
RPI.L,2026-09-25,2,2.0,1.0
RAT.L,2026-09-25,1,5.0,2.0
RAT.L,2026-09-25,2,4.0,3.0
RSW.L,2026-09-25,1,1.0,0.0
RSW.L,2026-09-25,2,3.0,0.0
RHIM.L,2026-09-25,1,2.0,2.0
RHIM.L,2026-09-25,2,1.0,1.0
RMV.L,2026-09-25,1,8.0,7.0
RMV.L,2026-09-25,2,9.0,6.0
RCP.L,2026-09-25,1,,
RCP.L,2026-09-25,2,,
ROSE.L,2026-09-25,1,5.0,0.0
ROSE.L,2026-09-25,2,5.0,0.0
ROR.L,2026-09-25,1,4.0,0.0
ROR.L,2026-09-25,2,4.0,1.0
RS1.L,2026-09-25,1,3.0,0.0
RS1.L,2026-09-25,2,3.0,0.0
RTW.L,2026-09-25,1,,
RTW.L,2026-09-25,2,,
RICA.L,2026-09-25,1,,
RICA.L,2026-09-25,2,,
SAFE.L,2026-09-25,1,0.0,6.0
SAFE.L,2026-09-25,2,0.0,6.0
SAGA.L,2026-09-25,1,1.0,0.0
SAGA.L,2026-09-25,2,1.0,0.0
SVS.L,2026-09-25,1,2.0,0.0
SVS.L,2026-09-25,2,2.0,0.0
MNTN.L,2026-09-25,1,0.0,0.0
MNTN.L,2026-09-25,2,0.0,0.0
ATR.L,2026-09-25,1,,
ATR.L,2026-09-25,2,,
SDP.L,2026-09-25,1,,
SDP.L,2026-09-25,2,,
SOI.L,2026-09-25,1,,
SOI.L,2026-09-25,2,,
SAIN.L,2026-09-25,1,,
SAIN.L,2026-09-25,2,,
SEIT.L,2026-09-25,1,0.0,0.0
SEIT.L,2026-09-25,2,0.0,0.0
SNR.L,2026-09-25,1,1.0,0.0
SNR.L,2026-09-25,2,1.0,0.0
SEQI.L,2026-09-25,1,0.0,1.0
SEQI.L,2026-09-25,2,0.0,1.0
SSIT.L,2026-09-25,1,,
SSIT.L,2026-09-25,2,,
SRP.L,2026-09-25,1,9.0,0.0
SRP.L,2026-09-25,2,9.0,0.0
SHC.L,2026-09-25,1,1.0,6.0
SHC.L,2026-09-25,2,2.0,1.0
SHAW.L,2026-09-25,1,3.0,6.0
SHAW.L,2026-09-25,2,2.0,6.0
SRE.L,2026-09-25,1,1.0,2.0
SRE.L,2026-09-25,2,1.0,2.0
SCT.L,2026-09-25,1,1.0,0.0
SCT.L,2026-09-25,2,0.0,1.0
SPI.L,2026-09-25,1,0.0,0.0
SPI.L,2026-09-25,2,0.0,1.0
SSPG.L,2026-09-25,1,3.0,3.0
SSPG.L,2026-09-25,2,3.0,5.0
SUPR.L,2026-09-25,1,2.0,2.0
SUPR.L,2026-09-25,2,3.0,1.0
SYNC.L,2026-09-25,1,,
SYNC.L,2026-09-25,2,,
THRL.L,2026-09-25,1,1.0,0.0
THRL.L,2026-09-25,2,1.0,1.0
TATE.L,2026-09-25,1,0.0,8.0
TATE.L,2026-09-25,2,1.0,7.0
TW.L,2026-09-25,1,0.0,9.0
TW.L,2026-09-25,2,1.0,9.0
TBCG.L,2026-09-25,1,1.0,2.0
TBCG.L,2026-09-25,2,0.0,4.0
TEP.L,2026-09-25,1,0.0,1.0
TEP.L,2026-09-25,2,0.0,1.0
TMPL.L,2026-09-25,1,,
TMPL.L,2026-09-25,2,,
TEM.L,2026-09-25,1,0.0,0.0
TEM.L,2026-09-25,2,0.0,0.0
TRIG.L,2026-09-25,1,0.0,1.0
TRIG.L,2026-09-25,2,1.0,1.0
THG.L,2026-09-25,1,0.0,0.0
THG.L,2026-09-25,2,0.0,0.0
TCAP.L,2026-09-25,1,3.0,2.0
TCAP.L,2026-09-25,2,3.0,2.0
TRN.L,2026-09-25,1,1.0,2.0
TRN.L,2026-09-25,2,1.0,2.0
TPK.L,2026-09-25,1,10.0,2.0
TPK.L,2026-09-25,2,7.0,6.0
TRY.L,2026-09-25,1,,
TRY.L,2026-09-25,2,,
TRST.L,2026-09-25,1,5.0,1.0
TRST.L,2026-09-25,2,3.0,2.0
TFIF.L,2026-09-25,1,,
TFIF.L,2026-09-25,2,,
UTG.L,2026-09-25,1,3.0,1.0
UTG.L,2026-09-25,2,2.0,3.0
UEM.L,2026-09-25,1,,
UEM.L,2026-09-25,2,,
VSVS.L,2026-09-25,1,0.0,9.0
VSVS.L,2026-09-25,2,1.0,3.0
VCT.L,2026-09-25,1,3.0,0.0
VCT.L,2026-09-25,2,3.0,0.0
VEIL.L,2026-09-25,1,,
VEIL.L,2026-09-25,2,,
VOF.L,2026-09-25,1,,
VOF.L,2026-09-25,2,,
VTY.L,2026-09-25,1,0.0,1.0
VTY.L,2026-09-25,2,0.0,2.0
VLX.L,2026-09-25,1,3.0,0.0
VLX.L,2026-09-25,2,3.0,0.0
FAN.L,2026-09-25,1,5.0,1.0
FAN.L,2026-09-25,2,5.0,0.0
WOSG.L,2026-09-25,1,1.0,1.0
WOSG.L,2026-09-25,2,9.0,0.0
JDW.L,2026-09-25,1,0.0,6.0
JDW.L,2026-09-25,2,1.0,0.0
SMWH.L,2026-09-25,1,0.0,12.0
SMWH.L,2026-09-25,2,0.0,1.0
WIX.L,2026-09-25,1,1.0,0.0
WIX.L,2026-09-25,2,1.0,0.0
WIZZ.L,2026-09-25,1,1.0,10.0
WIZZ.L,2026-09-25,2,1.0,10.0
WKP.L,2026-09-25,1,1.0,2.0
WKP.L,2026-09-25,2,0.0,4.0
WWH.L,2026-09-25,1,,
WWH.L,2026-09-25,2,,
WPP.L,2026-09-25,1,9.0,2.0
WPP.L,2026-09-25,2,9.0,1.0
XPP.L,2026-09-25,1,0.0,0.0
XPP.L,2026-09-25,2,1.0,1.0
XPS.L,2026-09-25,1,3.0,1.0
XPS.L,2026-09-25,2,5.0,2.0
ZIG.L,2026-09-25,1,0.0,1.0
ZIG.L,2026-09-25,2,0.0,3.0
