ticker,as_of,pt_mean,pt_median,pt_high,pt_low,price
ABI.BR,2026-09-30,83.2511,83.0138,97.3203,67.8965,65.52
ARGX.BR,2026-09-30,1032.149,997.62,1270.492,777.7955,849.2
ADS.DE,2026-09-30,198.731,200.0,245.0,156.0,146.5
ALV.DE,2026-09-30,440.0783,438.3763,684.0,325.0,418.5
BAS.DE,2026-09-30,52.4737,55.0,62.0,40.0,50.45
BAYN.DE,2026-09-30,58.2222,58.5,70.0,46.0,48.87
BEI.DE,2026-09-30,82.0,82.0,95.0,67.0,78.08
BMW.DE,2026-09-30,72.12,74.95,82.5,58.0,56.1
BNR.DE,2026-09-30,57.7333,57.0,76.0,47.0,59.56
CBK.DE,2026-09-30,41.4154,42.0,45.0,31.6,40.82
CON.DE,2026-09-30,77.625,79.25,90.0,62.0,68.14
DB1.DE,2026-09-30,295.9286,300.0,345.0,252.0,288.4
DBK.DE,2026-09-30,34.1064,34.5,43.75,10.9,31.75
DHL.DE,2026-09-30,56.0661,57.5,70.0,44.0,57.12
DTE.DE,2026-09-30,36.4389,36.75,43.0,28.1,26.24
DTG.DE,2026-09-30,51.2556,52.8,63.0,33.0,42.42
ENR.DE,2026-09-30,196.3164,205.0,260.0,100.0,145.0
EOAN.DE,2026-09-30,21.0369,21.5,24.0,18.5,17.06
FME.DE,2026-09-30,41.6853,41.0,67.0,30.0,39.33
FRE.DE,2026-09-30,55.5857,55.6,63.5,50.0,44.905
G1A.DE,2026-09-30,70.1944,72.0,78.0,53.0,66.5
G24.DE,2026-09-30,106.121,103.0,140.0,80.0,67.15
HEI.DE,2026-09-30,210.2,216.5,286.0,140.0,143.4
HEN3.DE,2026-09-30,78.7565,80.0,95.0,65.0,73.38
HNR1.DE,2026-09-30,280.6,270.0,330.0,246.0,254.4
IFX.DE,2026-09-30,86.7391,90.0,124.0,50.0,59.33
MBG.DE,2026-09-30,56.3364,55.5,73.8,36.0,41.0
MRK.DE,2026-09-30,154.2143,152.5,179.0,135.0,137.75
MTX.DE,2026-09-30,412.25,420.0,530.0,320.0,377.2
MUV2.DE,2026-09-30,546.8353,550.0,632.0,480.0,505.0
PAH3.DE,2026-09-30,35.025,35.0,43.0,25.0,25.91
QIA.DE,2026-09-30,39.1429,42.0,42.0,32.0,39.33
RHM.DE,2026-09-30,1607.9524,1600.0,2380.0,1050.0,965.8
RWE.DE,2026-09-30,68.05,68.0,76.0,55.0,59.72
SAP.DE,2026-09-30,209.8092,203.0,290.0,160.0,183.06
SHL.DE,2026-09-30,45.5211,46.0,57.4,36.0,38.33
SIE.DE,2026-09-30,305.6913,310.0,345.0,235.0,279.95
SY1.DE,2026-09-30,100.3667,102.0,112.0,75.0,93.2
VNA.DE,2026-09-30,26.5125,25.0,45.0,16.0,17.225
VOW.DE,2026-09-30,107.5,110.0,127.0,80.0,72.05
VOW3.DE,2026-09-30,104.115,105.0,151.0,67.3,71.84
ZAL.DE,2026-09-30,35.0739,35.0,53.0,23.5,22.59
BBVA.MC,2026-09-30,23.2386,23.825,28.3,11.7,25.09
IBE.MC,2026-09-30,20.6909,20.5,23.5,17.3,20.68
ITX.MC,2026-09-30,60.3896,61.0,67.0,41.5,53.94
SAN.MC,2026-09-30,13.527,13.8,14.7,11.3,12.46
NDA-FI.HE,2026-09-30,18.3875,18.8,20.1,14.0,17.685
AC.PA,2026-09-30,55.1823,55.0,70.0,41.0,46.25
ACA.PA,2026-09-30,20.7941,20.5,26.0,15.0,17.625
AI.PA,2026-09-30,196.325,199.0,216.0,162.0,170.0
AIR.PA,2026-09-30,230.9565,240.0,260.0,183.0,191.5
BN.PA,2026-09-30,79.5227,79.0,95.0,61.0,59.04
BNP.PA,2026-09-30,120.0079,119.0,136.0,100.0,95.49
BVI.PA,2026-09-30,32.9494,33.0,38.5,28.5,26.84
CA.PA,2026-09-30,16.8867,18.0,22.0,9.0,16.025
CAP.PA,2026-09-30,140.5076,139.0,177.63,107.0,103.35
CS.PA,2026-09-30,51.9311,51.0,77.0,42.0,42.59
DG.PA,2026-09-30,143.381,144.0,163.5,123.0,106.65
DSY.PA,2026-09-30,23.325,22.0,33.35,16.0,20.32
EDEN.PA,2026-09-30,30.5733,33.0,37.0,19.0,27.96
EL.PA,2026-09-30,232.6087,237.0,361.0,135.0,146.6
EN.PA,2026-09-30,60.3333,60.0,75.0,53.0,41.81
ENGI.PA,2026-09-30,30.6556,31.0,33.8,24.5,22.86
ERF.PA,2026-09-30,72.0071,72.35,86.0,58.0,75.66
GLE.PA,2026-09-30,90.015,90.25,103.0,77.0,69.65
HO.PA,2026-09-30,291.2105,295.0,335.0,250.0,226.0
KER.PA,2026-09-30,283.9066,281.0,360.0,175.0,225.7
LR.PA,2026-09-30,168.0556,170.0,200.0,114.0,141.65
MC.PA,2026-09-30,539.8115,540.0,645.0,420.0,396.0
ML.PA,2026-09-30,33.5214,34.0,40.0,28.0,33.75
OR.PA,2026-09-30,417.9583,420.5,460.0,340.0,383.0
ORA.PA,2026-09-30,19.0437,19.3,22.5,15.0,13.575
PUB.PA,2026-09-30,113.0,114.5,133.0,90.0,93.68
RI.PA,2026-09-30,81.8158,82.0,122.0,58.0,61.06
RMS.PA,2026-09-30,1738.9546,1697.5,2075.0,1500.0,1367.0
RNO.PA,2026-09-30,38.9053,38.0,68.3,28.0,26.24
SAF.PA,2026-09-30,382.8637,389.0,460.0,257.0,336.4
SAN.PA,2026-09-30,94.0588,95.0,112.0,78.0,71.8
SGO.PA,2026-09-30,97.55,100.0,137.0,70.0,69.36
STLAP.PA,2026-09-30,7.25,7.25,9.5,5.0,3.9425
STMPA.PA,2026-09-30,68.1647,68.1623,85.8187,48.6157,46.805
SU.PA,2026-09-30,325.9708,332.5,370.0,262.0,294.05
TEP.PA,2026-09-30,76.9786,69.85,142.0,45.0,67.06
TTE.PA,2026-09-30,86.7283,87.613,97.197,73.075,76.13
URW.PA,2026-09-30,115.1437,117.15,135.0,100.0,89.8
VIE.PA,2026-09-30,39.5588,40.0,45.3,33.0,31.03
A2A.MI,2026-09-30,2.8771,2.9,3.14,2.6,2.268
AMP.MI,2026-09-30,13.625,13.25,16.7,11.1,12.155
AVIO.MI,2026-09-30,38.25,39.5,47.0,30.5,29.74
AZM.MI,2026-09-30,42.0429,40.7,50.0,35.1,39.37
BAMI.MI,2026-09-30,15.8846,16.3,18.1,13.3,16.1
BC.MI,2026-09-30,99.7158,100.0,130.0,70.0,83.14
BMED.MI,2026-09-30,25.4333,25.35,28.0,23.4,23.87
BMPS.MI,2026-09-30,11.7667,12.15,12.5,10.1,11.87
BPE.MI,2026-09-30,15.3273,15.2,16.3,14.3,14.242
BZU.MI,2026-09-30,49.2125,52.0,56.0,34.0,37.52
CPR.MI,2026-09-30,7.119,7.0,10.8,5.3,6.16
DIA.MI,2026-09-30,72.8071,73.5,90.0,55.0,77.96
ENEL.MI,2026-09-30,10.2682,10.3,12.0,8.8,8.777
ENI.MI,2026-09-30,25.9455,26.0,30.5,19.0,23.96
FBK.MI,2026-09-30,27.2063,27.2,29.0,23.4,22.32
FCT.MI,2026-09-30,17.7778,18.0,20.5,15.0,12.325
G.MI,2026-09-30,43.1474,42.0,73.0,30.0,43.0
HER.MI,2026-09-30,4.54,4.4,4.8,4.4,3.564
IG.MI,2026-09-30,10.6667,10.6,11.7,9.8,8.424
INW.MI,2026-09-30,7.7921,7.3,9.3,6.5,6.51
ISP.MI,2026-09-30,7.2708,7.3,7.8,6.07,6.709
IVG.MI,2026-09-30,17.7,19.9,20.4,14.1,14.305
LDO.MI,2026-09-30,69.1474,69.0,82.0,60.0,49.445
LTMC.MI,2026-09-30,32.4133,31.5,37.0,30.0,25.92
MB.MI,2026-09-30,26.6,28.8,30.4,18.4,28.8
MONC.MI,2026-09-30,59.184,59.0,70.0,48.3,45.1
NEXI.MI,2026-09-30,4.0881,4.05,6.0,2.6,4.203
PRY.MI,2026-09-30,156.5294,164.0,181.0,90.0,126.35
PST.MI,2026-09-30,29.4923,31.0,35.2,16.5,24.77
RACE.MI,2026-09-30,389.4421,400.0,430.4,330.0,348.85
REC.MI,2026-09-30,60.1,56.75,71.0,51.3,53.0
SPM.MI,2026-09-30,4.9367,5.0,6.0,3.4,4.341
SRG.MI,2026-09-30,6.491,6.6,7.3,5.4,5.624
STLAM.MI,2026-09-30,5.6136,5.5,10.0,4.0,3.9395
STMMI.MI,2026-09-30,,,,,46.8
TEN.MI,2026-09-30,27.5789,27.189,35.1179,21.8848,24.34
TIT.MI,2026-09-30,6.647,6.81,8.9,2.8,6.795
TRN.MI,2026-09-30,9.8447,10.0,11.2,8.65,9.24
UCG.MI,2026-09-30,94.6983,93.25,113.0,78.0,83.4
UNI.MI,2026-09-30,31.5,32.0,33.5,29.0,27.09
AD.AS,2026-09-30,38.5761,39.0,44.0,24.07,32.21
ADYEN.AS,2026-09-30,1382.4286,1320.0,1900.0,931.0,875.4
ASML.AS,2026-09-30,2044.6875,2100.0,2500.0,1291.0,1610.0
INGA.AS,2026-09-30,32.8395,32.45,40.0,24.99,31.59
MT.AS,2026-09-30,68.0926,71.7511,81.7896,48.6573,59.72
PRX.AS,2026-09-30,61.0503,62.5,79.995,39.0,35.5
WKL.AS,2026-09-30,89.7812,92.5,120.0,54.0,67.44
3IN.L,2026-09-30,417.667,430.0,440.0,383.0,394.0
AAF.L,2026-09-30,407.7921,379.0695,535.1766,343.0342,312.2
AAL.L,2026-09-30,4086.3193,4254.7837,5181.4443,2323.7104,4050.6172
AAS.L,2026-09-30,,,,,464.0
ABDN.L,2026-09-30,241.733,245.0,294.0,208.0,249.89
ABF.L,2026-09-30,1804.706,1800.0,2040.0,1520.0,1884.0
ADM.L,2026-09-30,4005.2668,4200.0,4800.0,2620.0,3654.0
AEP.L,2026-09-30,235.0,228.0,275.0,202.0,210.5
AGT.L,2026-09-30,,,,,255.91
AIE.L,2026-09-30,,,,,249.5
AJB.L,2026-09-30,661.143,675.0,790.0,520.0,587.5
ALFA.L,2026-09-30,266.25,257.0,320.0,220.0,154.96
ALW.L,2026-09-30,,,,,1375.98
ANTO.L,2026-09-30,3929.63,4063.0042,4982.164,2536.6853,3761.0
AO.L,2026-09-30,146.75,146.0,170.0,125.0,90.2
APN.L,2026-09-30,353.571,360.0,395.0,280.0,275.5
ASHM.L,2026-09-30,207.5,186.0,350.0,123.0,221.2
ASL.L,2026-09-30,,,,,1820.0
ATG.L,2026-09-30,589.3857,599.5891,816.2035,425.628,449.8
ATR.L,2026-09-30,,,,,729.0
ATT.L,2026-09-30,,,,,757.0
ATYM.L,2026-09-30,1273.571,1250.0,1450.0,1170.0,1056.0
AUTO.L,2026-09-30,560.105,555.0,800.0,410.0,451.6
AV.L,2026-09-30,729.656,720.5,820.0,543.0,693.0
AVON.L,2026-09-30,2229.594,2229.594,2433.1948,2025.9935,1830.0
AZN.L,2026-09-30,15858.863,16222.418,20152.602,11869.229,12360.0
BA.L,2026-09-30,2328.15,2355.0,2620.0,1700.0,1969.5
BAB.L,2026-09-30,1408.5,1404.5,1604.9999,1100.0,1008.5
BAG.L,2026-09-30,780.0,800.0,830.0,580.0,577.0
BARC.L,2026-09-30,573.0,575.0,655.0,500.0,458.45
BATS.L,2026-09-30,5146.154,5250.0,5600.0,3800.0,4167.0
BBOX.L,2026-09-30,194.615,190.0,259.0,175.0,147.2
BBY.L,2026-09-30,1006.4999,1025.0,1120.0,770.0,923.0
BCG.L,2026-09-30,2.7321,2.8545,3.33,1.85,2.026
BEZ.L,2026-09-30,1305.903,1317.3595,1416.6595,1106.1589,1308.1
BGEO.L,2026-09-30,14780.0,14500.0,16700.0,13800.0,14510.0
BGFD.L,2026-09-30,,,,,1086.8
BHMG.L,2026-09-30,,,,,414.0
BKG.L,2026-09-30,3689.7998,3759.9998,4800.0,2800.0,3378.0
BLND.L,2026-09-30,457.933,490.0,534.0,305.0,399.4
BME.L,2026-09-30,226.316,220.0,300.0,140.0,259.8
BMY.L,2026-09-30,786.0,780.0,825.0,750.0,631.0
BNKR.L,2026-09-30,,,,,153.695
BNZL.L,2026-09-30,2779.1108,2800.0,3600.0,2050.0,2622.0
BOWL.L,2026-09-30,389.125,375.0,450.0,340.0,254.5
BOY.L,2026-09-30,928.6,950.0,1000.0,800.0,917.5
BP.L,2026-09-30,629.9913,628.0873,717.4355,502.4029,544.6
BPCR.L,2026-09-30,,,,,0.984
BPT.L,2026-09-30,436.25,445.0,575.0,320.0,332.0
BRBY.L,2026-09-30,1257.905,1300.0,1480.0,939.9999,1034.5
BREE.L,2026-09-30,382.714,380.0,475.0,245.0,329.6
BRGE.L,2026-09-30,,,,,593.0
BRSC.L,2026-09-30,,,,,269.5
BT-A.L,2026-09-30,224.353,219.0,330.0,143.0,193.2
BTRW.L,2026-09-30,333.842,340.0,410.0,255.0,339.5
BUT.L,2026-09-30,,,,,1563.778
BWY.L,2026-09-30,2345.833,2322.5,3743.0,1720.0001,2242.0
BYG.L,2026-09-30,1052.733,1100.0,1530.0,790.0,834.0
BYIT.L,2026-09-30,447.1,475.0,525.0,256.0,446.8
CBG.L,2026-09-30,519.286,530.0,570.0,445.0,441.4
CCC.L,2026-09-30,6206.3643,6500.0,7000.0,5250.0,5350.0
CCEP.L,2026-09-30,7893.2935,7841.8325,8707.734,6898.286,7760.0
CCH.L,2026-09-30,5150.965,5377.616,5713.672,3849.0442,4384.0
CGT.L,2026-09-30,,,,,514.0
CHG.L,2026-09-30,644.0,650.0,680.0,595.0,550.5
CKN.L,2026-09-30,5578.0,5561.5,5925.0,5300.0,5085.0
CLDN.L,2026-09-30,420.0,420.0,420.0,420.0,376.7222
CMCX.L,2026-09-30,780.0,760.0,850.0,730.0,668.0
CNA.L,2026-09-30,205.846,205.0,227.0,180.0,148.8
COA.L,2026-09-30,123.3628,128.0121,137.5314,110.9762,83.1
CORD.L,2026-09-30,153.0,153.0,171.0,135.0,124.842
COST.L,2026-09-30,257.0,260.0,297.0,200.0,259.5
CPG.L,2026-09-30,38.2632,39.75,43.0,31.0,29.81
CRDA.L,2026-09-30,3696.154,3800.0,4250.0,3190.0,3326.0
CSN.L,2026-09-30,377.8,400.0,437.0,322.0,356.0
CTEC.L,2026-09-30,304.5455,303.5702,373.2747,229.4586,217.4
CTY.L,2026-09-30,,,,,581.0
CURY.L,2026-09-30,185.125,183.0,210.0,150.0,148.476
CVSG.L,2026-09-30,1639.545,1600.0,2000.0,1400.0,1234.0
CWK.L,2026-09-30,6300.5,6247.5,6750.0,6080.0,5120.0
CWR.L,2026-09-30,782.143,920.0,1000.0,200.0,404.915
DATA.L,2026-09-30,99.125,99.0,130.0,70.0,58.0
DCC.L,2026-09-30,6406.25,6512.5,6700.0,6000.0,6440.0
DGE.L,2026-09-30,2027.0667,2036.229,2499.6675,1546.79,1632.0
DLN.L,2026-09-30,2101.5,2080.5,2642.0,1679.9999,1825.0
DNLM.L,2026-09-30,993.538,1000.0,1200.0,590.0,807.5
DOCS.L,2026-09-30,98.5,97.5,141.0,70.0,70.4
DOM.L,2026-09-30,217.909,205.0,300.0,161.0,216.0
DPLM.L,2026-09-30,8254.375,8325.0,9000.0,7000.0,7785.0
DRX.L,2026-09-30,923.222,900.0,1120.0,745.0,820.5
DSCV.L,2026-09-30,921.0,922.5001,1110.0,685.0,827.0
EDIN.L,2026-09-30,,,,,830.52
EDV.L,2026-09-30,4754.8867,4956.3853,5159.796,3740.5544,4313.0
ELM.L,2026-09-30,211.6132,212.4168,223.5718,192.9595,180.4
EMG.L,2026-09-30,360.515,365.3788,384.5172,335.3625,328.8
ENOG.L,2026-09-30,904.066,872.0,1235.46,761.0,713.3985
ENT.L,2026-09-30,936.1,993.9999,1150.0,630.0,419.0
ESCT.L,2026-09-30,,,,,233.8292
EWG.L,2026-09-30,134.4699,131.3608,169.2546,109.7071,94.4
EWI.L,2026-09-30,,,,,279.0511
EXPN.L,2026-09-30,3794.7864,3815.1445,4755.299,2512.6453,2450.0
EZJ.L,2026-09-30,660.462,690.0,715.0,450.0,676.893
FAN.L,2026-09-30,767.5,757.5,880.0,680.0,658.0
FCH.L,2026-09-30,274.667,277.5,308.0,245.0,186.8
FCIT.L,2026-09-30,,,,,344.8
FCSS.L,2026-09-30,,,,,251.8655
FEML.L,2026-09-30,,,,,1474.0
FEV.L,2026-09-30,,,,,425.5
FGEN.L,2026-09-30,84.5,84.5,97.0,72.0,88.413
FGP.L,2026-09-30,260.0,255.0,270.0,255.0,182.6
FGT.L,2026-09-30,,,,,768.02
FOUR.L,2026-09-30,5433.8896,5623.8115,5911.62,4330.986,4519.058
FRAS.L,2026-09-30,808.333,752.5,1100.0,720.0,807.5
FRES.L,2026-09-30,3282.9565,2986.889,4826.6016,2222.2932,2735.0
FSG.L,2026-09-30,679.833,700.0,768.0,580.0,448.5
FSV.L,2026-09-30,,,,,471.0
GAMA.L,2026-09-30,1392.5,1427.5,1570.0,1080.0,1125.0
GAW.L,2026-09-30,22075.0,22075.0,22150.0,22000.0,17860.0
GCP.L,2026-09-30,82.5,82.5,90.0,75.0,83.5194
GDWN.L,2026-09-30,,,,,13800.0
GEN.L,2026-09-30,389.9,375.0,500.0,293.0,292.4
GFRD.L,2026-09-30,758.0,750.0,826.0,729.0,698.0
GFTU.L,2026-09-30,1174.091,1150.0,1365.0,985.0001,983.8
GLEN.L,2026-09-30,642.0916,643.7418,792.846,472.992,553.6
GNC.L,2026-09-30,325.125,340.0,360.0,265.0,257.0
GNS.L,2026-09-30,3032.9229,3100.0,3700.0,2260.0,2180.0
GPE.L,2026-09-30,389.357,380.0,525.0,300.0,314.8
GRG.L,2026-09-30,1790.2001,1740.0,2210.0,1330.0,2016.0
GRI.L,2026-09-30,220.5,224.5,270.0,175.0,168.5
GROW.L,2026-09-30,769.5,775.0,877.0001,575.0,692.5
GSCT.L,2026-09-30,,,,,190.6
GSK.L,2026-09-30,2174.81,2100.0,3010.0,1455.0,1852.0
HANA.L,2026-09-30,,,,,328.0
HAS.L,2026-09-30,73.7,75.0,100.0,45.0,62.95
HBR.L,2026-09-30,333.4776,329.9998,427.3107,248.7755,261.0
HFD.L,2026-09-30,286.667,285.0,320.0,260.0,269.0
HFEL.L,2026-09-30,,,,,271.0
HFG.L,2026-09-30,704.167,760.0,850.0,490.0,734.0
HGT.L,2026-09-30,570.0,570.0,570.0,570.0,387.62
HICL.L,2026-09-30,150.0,150.0,165.0,135.0,134.2
HIK.L,2026-09-30,1981.6989,1984.0142,2192.127,1732.4178,1628.348
HILS.L,2026-09-30,3342.667,3343.9998,4000.0,2600.0,3310.0
HLMA.L,2026-09-30,4401.765,4250.0,5180.0,3650.0,3514.0
HLN.L,2026-09-30,418.471,430.0,514.0,295.0,341.3
HMSO.L,2026-09-30,391.143,385.0,454.0,300.0,344.6
HOC.L,2026-09-30,738.4085,740.7305,858.8914,498.8677,528.5
HRI.L,2026-09-30,,,,,2970.0
HSBA.L,2026-09-30,1529.3944,1641.824,1881.8081,803.1063,1504.6
HSL.L,2026-09-30,,,,,983.6517
HSX.L,2026-09-30,1972.5748,2044.9739,2188.4792,1161.4603,1877.0
HTG.L,2026-09-30,541.3723,564.5715,615.8962,461.947,392.425
HTWS.L,2026-09-30,289.0205,294.8865,308.8811,239.3955,215.4
HVPE.L,2026-09-30,3532.1038,3532.1038,3532.1038,3532.1038,3324.755
HWDN.L,2026-09-30,1008.0,975.0,1210.0,847.0,774.0
HWG.L,2026-09-30,195.0,195.0,210.0,180.0,186.613
IAD.L,2026-09-30,,,,,501.48
IAG.L,2026-09-30,542.7353,545.9897,643.0057,399.8686,439.0
ICG.L,2026-09-30,2510.857,2581.0,3010.0,1800.0,1861.0
ICGT.L,2026-09-30,1790.0,1790.0,1790.0,1790.0,1364.0
IGG.L,2026-09-30,1745.5,1775.0,2584.0,1100.0,1320.0
IHG.L,2026-09-30,163.6667,168.0,195.0,108.0,163.45
IHP.L,2026-09-30,448.091,440.0,635.0,314.0,381.0
III.L,2026-09-30,3394.091,3570.0,4205.0,1900.0,2670.0
IMB.L,2026-09-30,3259.0913,3400.0,3550.0,2700.0,2475.0
IMI.L,2026-09-30,3250.312,3342.5,4000.0,2560.0,3168.0
INCH.L,2026-09-30,1031.333,1050.0,1277.0,855.0,745.0
INF.L,2026-09-30,1076.0,1055.0,1285.0,850.0,871.2
INPP.L,2026-09-30,145.0,145.0,145.0,145.0,139.222
INVP.L,2026-09-30,768.75,775.0,810.0001,715.0,620.0
IPO.L,2026-09-30,113.333,111.0,119.0,110.0,75.8
ITH.L,2026-09-30,304.5987,306.4416,357.905,228.9135,271.4
ITRK.L,2026-09-30,5897.25,6000.0,6000.0,5450.0,5877.0
ITV.L,2026-09-30,79.333,80.0,90.0,66.0,67.5
IWG.L,2026-09-30,270.909,260.0,350.0,206.0,181.3
JAM.L,2026-09-30,,,,,1224.0
JCH.L,2026-09-30,,,,,952.0
JD.L,2026-09-30,101.983,91.35,180.0,75.0,81.1
JDW.L,2026-09-30,686.875,715.0,839.9999,460.0,838.0
JEDT.L,2026-09-30,,,,,624.0
JEGI.L,2026-09-30,,,,,143.2
JEMI.L,2026-09-30,,,,,213.989
JFJ.L,2026-09-30,,,,,824.44
JGGI.L,2026-09-30,,,,,606.766
JMAT.L,2026-09-30,2896.555,2999.834,3440.0002,2192.44,2414.4526
JMGI.L,2026-09-30,,,,,169.6
JSG.L,2026-09-30,185.286,194.0,210.0,145.0,139.95
JUP.L,2026-09-30,178.6,182.5,210.0,120.0,174.4
KGF.L,2026-09-30,326.222,317.5,400.0,265.0,334.2
KIE.L,2026-09-30,329.25,326.0,485.0,240.0,309.0
KLR.L,2026-09-30,3422.143,3500.0,3555.0,3150.0,3374.0
KNOS.L,2026-09-30,1293.5,1255.0,1500.0,1110.0,1234.0
LAND.L,2026-09-30,716.438,712.5,931.0001,462.0,625.0
LGEN.L,2026-09-30,273.841,270.0,385.0,191.0,295.0
LLOY.L,2026-09-30,121.316,125.0,140.0,53.0,107.325
LMP.L,2026-09-30,221.909,225.0,252.0,200.0,180.7
LRE.L,2026-09-30,658.1468,665.6703,771.0045,559.8366,644.5
LSEG.L,2026-09-30,11804.0,11730.0,13630.0,10400.0,8132.0
LWDB.L,2026-09-30,,,,,1246.0
MAB.L,2026-09-30,347.778,345.0,390.0,320.0,287.5
MEGP.L,2026-09-30,210.0,210.0,230.0,190.0,121.5852
MGAM.L,2026-09-30,261.25,260.0,300.0,230.0,268.6598
MGNS.L,2026-09-30,5621.429,5700.0,6200.0,4800.0,4380.0
MKS.L,2026-09-30,445.0,450.0,500.0,360.0,388.782
MNDI.L,2026-09-30,897.9533,865.5814,1101.0935,688.3862,813.6
MNG.L,2026-09-30,327.272,335.0,370.0,215.0,324.3
MNKS.L,2026-09-30,,,,,1637.836
MNTN.L,2026-09-30,1.25,1.25,1.25,1.25,2.1606
MONY.L,2026-09-30,232.545,230.0,300.0,180.0,177.3
MOON.L,2026-09-30,302.3,300.0,335.0,278.0,271.0
MRC.L,2026-09-30,,,,,280.5
MRCH.L,2026-09-30,,,,,670.0
MRO.L,2026-09-30,662.867,700.0,825.0,450.0,476.3
MTLN.L,2026-09-30,56.6,56.0,64.0,52.0,49.7
MTO.L,2026-09-30,209.062,216.75,221.0,180.0,210.0
MTRO.L,2026-09-30,170.0,190.0,200.0,120.0,171.9
MUT.L,2026-09-30,,,,,976.44
MYI.L,2026-09-30,,,,,363.851
N91.L,2026-09-30,239.6,251.0,260.0,205.0,209.8
NAIT.L,2026-09-30,,,,,427.217
NAS.L,2026-09-30,,,,,428.0
NBPE.L,2026-09-30,1525.1873,1525.1873,1525.1873,1525.1873,1463.4364
NCC.L,2026-09-30,171.25,172.5,190.0,150.0,146.7293
NG.L,2026-09-30,1345.333,1375.0,1500.0,1060.0,1153.5
NWG.L,2026-09-30,794.833,791.0,880.0,650.0,688.2
NXT.L,2026-09-30,16275.789,16450.0,18700.0,13900.0,14795.0
OCDO.L,2026-09-30,245.308,230.0,392.0,100.0,257.4
OCI.L,2026-09-30,689.0,689.0,725.0,653.0,521.24
ONT.L,2026-09-30,194.364,196.0,250.0,135.0,216.6
OSB.L,2026-09-30,659.417,657.5,750.0,550.0,512.0
OXB.L,2026-09-30,703.5,734.0,900.0,508.0,518.199
OXIG.L,2026-09-30,3235.7139,3300.0,3500.0,3000.0,2978.0
PAF.L,2026-09-30,160.429,158.0,185.0,140.0,119.2
PAG.L,2026-09-30,1054.167,1072.0,1165.0,846.0,744.5
PAGE.L,2026-09-30,228.667,220.0,355.0,180.0,209.6
PCGH.L,2026-09-30,,,,,438.645
PCT.L,2026-09-30,,,,,693.9124
PETS.L,2026-09-30,222.25,217.5,270.0,180.0,217.6
PEY.L,2026-09-30,10.6,10.6,10.6,10.6,6.76
PFD.L,2026-09-30,246.667,240.0,290.0,220.0,197.3
PHI.L,2026-09-30,,,,,1124.6
PHP.L,2026-09-30,114.667,115.0,133.0,105.0,92.6
PIN.L,2026-09-30,405.0,405.0,405.0,405.0,383.5
PINE.L,2026-09-30,670.0,670.0,670.0,670.0,446.2
PINT.L,2026-09-30,129.5,129.5,132.0,127.0,117.4891
PLUS.L,2026-09-30,4689.0493,4685.3604,5540.48,3491.6465,3430.0
PNL.L,2026-09-30,,,,,543.5471
PNN.L,2026-09-30,576.231,569.0,670.0,500.0,467.8
POLN.L,2026-09-30,1210.0,1200.0,1320.0,1120.0,911.824
PPET.L,2026-09-30,,,,,598.6245
PPH.L,2026-09-30,1942.25,1904.9999,2209.0,1750.0,1495.0
PRN.L,2026-09-30,549.0253,588.7228,622.7026,460.9994,334.5
PRU.L,2026-09-30,1420.037,1445.0,1610.0,1200.0,940.6
PSH.L,2026-09-30,,,,,3672.0
PSN.L,2026-09-30,1368.2999,1337.5,1694.0,1122.0,1326.0
PSON.L,2026-09-30,1244.5449,1300.0,1370.0,1050.0,1199.5
PTEC.L,2026-09-30,513.9605,501.6332,756.7554,290.0716,376.0
QLT.L,2026-09-30,218.929,227.5,245.0,180.0,180.1
QQ.L,2026-09-30,563.5,585.0,620.0,410.0,490.8
RAT.L,2026-09-30,1986.875,1915.0,2560.0,1360.0,1578.0
RCP.L,2026-09-30,2660.0,2660.0,2660.0,2660.0,2525.0
REL.L,2026-09-30,3400.582,3140.0,5070.0,2120.0,2478.0
RHIM.L,2026-09-30,3391.2566,3486.0776,4348.5415,2304.2478,2975.0
RICA.L,2026-09-30,,,,,295.5
RIO.L,2026-09-30,7690.7773,7536.716,9408.879,6496.865,7177.987
RKT.L,2026-09-30,6239.0527,6200.0,7500.0,5352.0,5076.0
RMV.L,2026-09-30,536.75,510.5,745.0,356.0,446.1
RNK.L,2026-09-30,143.0,135.0,175.0,119.0,76.3
ROR.L,2026-09-30,482.667,503.0,503.0,320.0,488.2
ROSE.L,2026-09-30,468.245,462.8746,483.7769,457.8563,311.0
RPI.L,2026-09-30,837.6045,811.9276,1079.0491,647.5129,681.5
RR.L,2026-09-30,1722.05,1729.9999,2000.0,1199.0,1469.8
RS1.L,2026-09-30,725.0,735.0,880.0,520.0,771.0
RSW.L,2026-09-30,6081.25,6045.0,6750.0,5350.0,5675.0
RTO.L,2026-09-30,468.4805,467.4241,637.1821,368.5846,300.602
RTW.L,2026-09-30,,,,,2.35
SAFE.L,2026-09-30,769.083,744.0,1038.0,600.0,529.0
SAGA.L,2026-09-30,908.7499,907.5,1025.0,795.0,769.0
SAIN.L,2026-09-30,,,,,549.15
SBRY.L,2026-09-30,359.0,356.5,400.0,300.0,332.9
SCT.L,2026-09-30,2150.615,2140.0,2500.0,1700.0,1822.0
SDLF.L,2026-09-30,922.11,970.0,1100.0,665.314,895.0
SDP.L,2026-09-30,,,,,842.3
SDR.L,2026-09-30,528.06,590.0,610.0,370.3,589.0
SEIT.L,2026-09-30,40.0,40.0,40.0,40.0,33.4021
SEQI.L,2026-09-30,90.0,90.0,90.0,90.0,85.1004
SGE.L,2026-09-30,1131.056,1150.0,1400.0,850.0,953.4
SGRO.L,2026-09-30,987.0909,970.0,1300.0,850.0,939.0
SHAW.L,2026-09-30,495.778,500.0,600.0,415.0,309.5
SHC.L,2026-09-30,172.273,180.0,200.0,140.0,138.7
SHEL.L,2026-09-30,3915.5894,3821.0164,4781.3115,3520.4749,3561.0
SMIN.L,2026-09-30,2935.3572,3050.0,3300.0,2400.0,2851.0
SMT.L,2026-09-30,,,,,1586.0
SMWH.L,2026-09-30,439.909,420.0,550.0,350.0,390.6
SN.L,2026-09-30,1273.5427,1245.2477,1562.3716,1063.8512,1019.0
SNR.L,2026-09-30,285.0,292.5,300.0,255.0,297.5
SOI.L,2026-09-30,,,,,457.49
SPI.L,2026-09-30,264.25,262.5,282.0,250.0,245.75
SPX.L,2026-09-30,8100.278,8400.0,9100.0,6700.0,7310.0
SRE.L,2026-09-30,125.463,126.9083,135.9894,110.1256,88.95
SRP.L,2026-09-30,313.75,327.0,412.0,140.0,252.8
SSE.L,2026-09-30,2759.0,2825.0,3060.0,2036.0,2505.0
SSIT.L,2026-09-30,,,,,195.6
SSPG.L,2026-09-30,233.933,230.0,320.0,160.0,191.8
STAN.L,2026-09-30,2381.2239,2412.5676,2662.5125,1775.6677,2318.421
STJ.L,2026-09-30,1661.6671,1600.0,2050.0,1260.0,1069.0
SUPR.L,2026-09-30,92.75,95.0,100.0,80.0,83.495
SVS.L,2026-09-30,1323.0,1375.0,1400.0,1060.0,1032.0
SVT.L,2026-09-30,3247.0,3259.9998,3620.0,2750.0,3138.0
SYNC.L,2026-09-30,202.0,202.0,215.0,189.0,123.1
TATE.L,2026-09-30,554.444,595.0,615.0,375.0,559.5
TBCG.L,2026-09-30,5915.5566,5831.2026,6153.4536,5673.5503,5385.0
TCAP.L,2026-09-30,365.0,347.5,440.0,305.0,349.0
TEM.L,2026-09-30,3757.7,3757.7,3757.7,3757.7,329.5
TEP.L,2026-09-30,1237.5,1300.0,1450.0,900.0,819.0
TFIF.L,2026-09-30,,,,,108.8
THG.L,2026-09-30,53.5,54.0,80.0,26.0,27.01
THRL.L,2026-09-30,120.333,125.0,125.0,111.0,114.8
TMPL.L,2026-09-30,,,,,415.5
TPK.L,2026-09-30,671.625,692.5,825.0,453.0,616.0
TRIG.L,2026-09-30,98.0,88.0,135.0,81.0,79.835
TRN.L,2026-09-30,339.385,345.0,580.0,185.0,195.2
TRST.L,2026-09-30,343.0341,346.9231,415.9876,253.651,222.8
TRY.L,2026-09-30,,,,,280.2
TSCO.L,2026-09-30,514.667,515.0,550.0,480.0,473.5
TW.L,2026-09-30,87.667,85.0,130.0,60.0,87.48
UEM.L,2026-09-30,260.0,260.0,260.0,260.0,281.0
UKW.L,2026-09-30,126.333,125.0,137.0,117.0,115.092
ULVR.L,2026-09-30,5247.7266,5196.268,6000.051,3900.0083,4649.0
USA.L,2026-09-30,,,,,380.6356
UTG.L,2026-09-30,564.667,579.0,668.0,430.0,476.6
UU.L,2026-09-30,1510.214,1521.5,1650.0,1340.0,1435.0
VCT.L,2026-09-30,919.583,850.0,1180.0,700.0,934.0
VEIL.L,2026-09-30,,,,,731.05
VLX.L,2026-09-30,726.3027,718.5179,820.6852,656.5271,654.0
VOD.L,2026-09-30,121.0928,125.5555,154.2222,85.5654,124.0644
VOF.L,2026-09-30,550.0,550.0,550.0,550.0,426.18
VSVS.L,2026-09-30,481.571,471.0,590.0,400.0,477.0
VTY.L,2026-09-30,296.263,280.0,625.0,160.0,265.1
WEIR.L,2026-09-30,3298.333,3300.0,4000.0,2500.0,2746.0
WIX.L,2026-09-30,252.636,250.0,329.0,210.0,208.0
WIZZ.L,2026-09-30,1073.6274,997.893,1447.2357,695.4274,1072.0
WKP.L,2026-09-30,394.111,390.0,500.0,300.0,375.4
WOSG.L,2026-09-30,812.5,814.9999,900.0,725.0,704.4802
WPP.L,2026-09-30,386.667,375.0,555.0,250.0,367.108
WTB.L,2026-09-30,2700.833,2600.0,3700.0,2200.0,2420.0
WWH.L,2026-09-30,,,,,380.5
XPP.L,2026-09-30,2168.571,2120.0,3200.0,1400.0,2005.0
XPS.L,2026-09-30,445.889,440.0,485.0,418.0,306.5
ZIG.L,2026-09-30,548.333,562.5,625.0,410.0,473.0
A,2026-09-30,175.4286,180.0,190.0,155.0,175.03
AAPL,2026-09-30,328.2221,340.0,405.0,215.0,329.4
ABBV,2026-09-30,278.8571,285.0,328.0,200.0,263.29
ABNB,2026-09-30,184.35,185.0,220.0,135.0,156.96
ABT,2026-09-30,120.2636,120.0,135.0,103.0,100.95
ACGL,2026-09-30,111.6579,111.0,134.0,95.0,95.12
ACN,2026-09-30,193.0296,190.0,275.0,130.0,177.12
ADBE,2026-09-30,275.0638,265.5,373.0,195.0,233.17
ADI,2026-09-30,470.7188,463.5,675.0,365.0,398.22
ADM,2026-09-30,80.4,82.5,95.0,60.0,79.4
ADP,2026-09-30,287.6,287.0,322.0,225.0,261.8
ADSK,2026-09-30,307.5415,302.5,375.0,215.0,203.18
AEE,2026-09-30,119.5333,120.0,136.0,107.0,100.25
AEP,2026-09-30,142.975,141.0,173.0,128.0,119.3
AES,2026-09-30,15.0,15.0,15.0,15.0,14.86
AFL,2026-09-30,118.5333,116.0,138.0,99.0,113.66
AIG,2026-09-30,88.45,88.0,101.0,80.0,75.27
AIZ,2026-09-30,330.0,327.0,355.0,320.0,263.65
AJG,2026-09-30,289.6667,288.5,388.0,250.0,227.75
AKAM,2026-09-30,158.8732,161.5,225.0,93.0,108.45
ALB,2026-09-30,171.564,172.5,225.0,83.28,107.62
ALGN,2026-09-30,206.3571,207.0,235.0,170.0,144.01
ALL,2026-09-30,276.0909,281.0,334.0,191.0,225.42
ALLE,2026-09-30,174.6363,170.0,200.0,160.0,155.43
AMAT,2026-09-30,638.9445,650.0,900.0,358.0,512.01
AMCR,2026-09-30,50.1792,50.5,60.0,42.0,42.46
AMD,2026-09-30,618.508,616.0,1250.0,365.0,607.57
AME,2026-09-30,278.3333,283.5,316.0,217.0,250.78
AMGN,2026-09-30,390.9438,400.0,500.0,225.0,423.64
AMP,2026-09-30,579.4545,562.0,645.0,489.0,497.32
AMT,2026-09-30,215.7391,210.0,260.0,188.0,167.35
AMZN,2026-09-30,329.5393,330.0,405.0,230.0,246.67
ANET,2026-09-30,241.9289,246.5,289.0,190.0,202.86
AON,2026-09-30,383.8421,387.0,435.0,264.0,275.9
AOS,2026-09-30,69.9091,70.0,84.0,59.0,58.02
APA,2026-09-30,45.96,46.0,62.0,36.0,42.19
APD,2026-09-30,345.1053,351.0,373.0,314.0,279.19
APH,2026-09-30,99.3889,99.0,115.0,85.0,84.34
APO,2026-09-30,153.4737,154.0,173.0,130.0,119.0
APP,2026-09-30,497.0455,475.0,790.0,325.0,305.66
APTV,2026-09-30,66.6111,67.5,78.0,55.0,43.37
ARE,2026-09-30,52.5714,52.5,60.0,40.0,48.47
ARES,2026-09-30,147.8947,150.0,168.0,122.0,118.97
ATO,2026-09-30,185.5455,183.0,206.0,170.0,157.6
AVGO,2026-09-30,531.8468,535.0,715.0,215.88,355.1
AVY,2026-09-30,201.8,204.5,225.0,181.0,170.78
AWK,2026-09-30,141.4545,140.0,162.0,128.0,129.8
AXON,2026-09-30,704.1053,700.0,830.0,440.0,419.58
AXP,2026-09-30,377.9121,383.0,450.0,329.0,305.4
AZO,2026-09-30,3708.7083,3626.5,4800.0,3000.0,2875.97
BA,2026-09-30,273.1154,272.5,305.0,246.0,187.68
BAC,2026-09-30,68.6191,68.0,76.0,62.0,54.96
BALL,2026-09-30,72.5714,73.5,79.0,63.0,56.65
BAX,2026-09-30,28.7273,28.0,40.0,23.0,23.48
BBY,2026-09-30,86.95,85.0,100.0,71.0,88.75
BDX,2026-09-30,195.6667,197.5,225.0,170.0,181.97
BE,2026-09-30,281.5846,296.5,390.0,97.0,291.25
BEN,2026-09-30,35.5,36.0,41.0,26.0,32.67
BF-B,2026-09-30,28.2588,28.0,35.0,20.0,26.29
BG,2026-09-30,141.7778,140.0,155.0,116.0,108.14
BIIB,2026-09-30,238.182,240.0,300.0,175.0,227.07
BKNG,2026-09-30,238.7838,240.0,301.0,188.0,162.34
BKR,2026-09-30,72.0417,73.5,85.0,51.0,55.92
BLK,2026-09-30,1322.75,1310.0,1479.0,1190.0,1067.94
BMY,2026-09-30,66.7083,68.0,82.0,40.0,62.86
BNY,2026-09-30,167.3571,172.0,184.0,135.0,146.98
BR,2026-09-30,213.375,220.0,250.0,176.0,160.95
BRK-B,2026-09-30,547.6667,529.0,604.0,510.0,502.35
BRO,2026-09-30,76.5,77.0,90.0,60.0,60.6
BSX,2026-09-30,61.0,60.0,94.0,44.0,43.88
BX,2026-09-30,144.381,140.0,184.0,119.0,114.0
BXP,2026-09-30,76.35,76.5,91.0,60.0,61.71
C,2026-09-30,154.9,157.0,176.0,130.0,130.8
CAH,2026-09-30,270.3333,275.0,292.0,235.0,223.91
CARR,2026-09-30,76.3236,77.5,90.0,60.0,55.38
CASY,2026-09-30,790.5263,775.0,933.0,687.0,599.9
CAT,2026-09-30,975.6061,980.5,1225.0,575.0,826.64
CB,2026-09-30,365.913,369.0,425.0,306.0,332.08
CBOE,2026-09-30,315.6429,315.0,356.0,258.0,261.75
CBRE,2026-09-30,182.1667,186.5,200.0,144.0,130.84
CCI,2026-09-30,94.4476,92.0,120.0,80.0,67.07
CCL,2026-09-30,34.0269,33.5,43.0,28.0,25.11
CDNS,2026-09-30,405.4712,407.935,470.0,300.0,324.17
CDW,2026-09-30,158.6667,159.0,171.0,148.0,129.71
CEG,2026-09-30,347.282,350.5,441.0,290.0,264.58
CF,2026-09-30,127.686,124.0,195.72,105.0,115.71
CFG,2026-09-30,80.6471,81.0,89.0,70.0,63.89
CHD,2026-09-30,105.1053,107.0,115.0,78.0,94.95
CHRW,2026-09-30,197.56,209.0,237.0,91.0,149.71
CHTR,2026-09-30,178.0526,150.0,380.0,101.0,110.67
CI,2026-09-30,341.8333,343.0,400.0,290.0,275.26
CIEN,2026-09-30,516.8323,548.0,660.0,347.0,354.92
CINF,2026-09-30,191.6667,192.5,200.0,177.0,161.13
CL,2026-09-30,98.6,100.0,110.0,87.0,86.46
CLX,2026-09-30,100.7647,98.0,154.0,77.0,81.6
CMCSA,2026-09-30,28.9691,29.0,44.0,18.0,21.6
CME,2026-09-30,283.6,285.0,330.0,230.0,263.22
CMG,2026-09-30,43.9194,44.0,53.0,35.0,31.88
CMI,2026-09-30,745.96,771.0,894.0,530.0,521.37
CMS,2026-09-30,78.6667,78.0,87.0,68.0,63.45
CNC,2026-09-30,71.7778,70.5,85.0,56.0,62.21
CNP,2026-09-30,45.2353,46.0,50.0,38.0,36.94
COF,2026-09-30,258.3333,255.0,300.0,225.0,196.46
COHR,2026-09-30,415.362,420.0,500.0,280.0,292.21
COIN,2026-09-30,207.3469,205.0,330.0,95.0,190.02
COO,2026-09-30,66.2143,65.5,75.0,58.0,56.63
COP,2026-09-30,146.08,146.0,189.0,126.0,125.44
COR,2026-09-30,369.25,365.0,430.0,330.0,307.6
COST,2026-09-30,1057.9429,1065.0,1315.0,770.0,924.59
CPAY,2026-09-30,461.0,455.0,536.0,390.0,392.7
CPRT,2026-09-30,39.0,37.0,55.0,25.0,27.14
CPT,2026-09-30,115.4205,114.5,132.0,102.0,98.46
CRH,2026-09-30,133.1687,135.0,165.0,105.0,84.53
CRL,2026-09-30,305.0,322.0,357.0,145.0,295.96
CRM,2026-09-30,281.0783,280.0,475.0,160.0,225.31
CRWD,2026-09-30,235.67,245.0,300.0,132.0,262.74
CSCO,2026-09-30,137.25,135.0,170.0,115.0,106.94
CSGP,2026-09-30,37.3,36.0,53.0,25.0,26.95
CSX,2026-09-30,53.0596,54.0,60.0,32.0,46.93
CTAS,2026-09-30,218.3125,224.5,250.0,181.0,197.74
CTSH,2026-09-30,65.104,66.0,84.0,47.0,56.84
CTVA,2026-09-30,92.6,95.0,103.0,78.0,77.87
CVNA,2026-09-30,82.975,83.0,120.0,60.0,63.62
CVS,2026-09-30,116.28,116.0,148.0,103.0,87.1
CVX,2026-09-30,224.3333,227.0,250.0,175.0,204.38
D,2026-09-30,72.25,70.5,87.0,66.0,60.64
DAL,2026-09-30,102.9375,105.0,125.0,50.0,84.87
DASH,2026-09-30,256.2642,260.0,350.0,172.0,187.1
DD,2026-09-30,169.625,171.0,186.0,153.0,130.12
DDOG,2026-09-30,286.257,297.5,340.0,158.0,268.56
DE,2026-09-30,691.8339,728.0,813.18,500.0,680.5
DECK,2026-09-30,120.4091,118.5,184.0,70.0,77.68
DELL,2026-09-30,579.36,600.0,735.0,480.0,539.59
DG,2026-09-30,140.931,140.0,176.0,90.0,122.64
DGX,2026-09-30,247.7333,250.0,265.0,204.0,231.97
DHI,2026-09-30,158.9167,155.0,206.0,125.0,139.4
DHR,2026-09-30,230.8261,230.0,310.0,195.0,226.11
DIS,2026-09-30,126.6141,127.5,144.0,88.0,105.41
DLR,2026-09-30,223.4375,224.5,250.0,190.0,176.56
DLTR,2026-09-30,136.4,135.0,170.0,98.0,113.3
DOC,2026-09-30,22.9474,22.0,29.0,17.0,20.13
DOV,2026-09-30,243.7895,247.0,288.0,168.0,189.7
DOW,2026-09-30,34.125,34.0,41.0,29.0,27.61
DPZ,2026-09-30,376.7778,372.0,450.0,270.0,301.81
DRI,2026-09-30,234.4167,238.5,276.0,163.0,195.11
DTE,2026-09-30,154.4286,156.5,168.0,132.0,122.39
DUK,2026-09-30,136.9444,136.5,147.0,127.0,114.21
DVA,2026-09-30,219.8571,220.0,270.0,165.0,175.19
DVN,2026-09-30,60.3929,61.5,68.0,44.0,46.6
DXCM,2026-09-30,94.48,94.0,115.0,79.0,86.64
EBAY,2026-09-30,116.1111,118.0,145.0,71.0,105.21
ECHO,2026-09-30,131.4444,130.0,156.0,103.0,89.89
ECL,2026-09-30,324.9524,330.0,360.0,295.0,277.87
ED,2026-09-30,110.0312,111.0,130.0,94.0,103.33
EFX,2026-09-30,213.0476,210.0,245.0,171.0,140.83
EG,2026-09-30,411.375,407.0,480.0,375.0,368.81
EIX,2026-09-30,66.3571,62.5,86.0,50.0,53.56
EL,2026-09-30,107.4829,107.0,127.0,70.0,94.37
ELV,2026-09-30,451.3809,460.0,492.0,393.0,392.73
EME,2026-09-30,1033.2858,1047.0,1200.0,885.0,762.03
EMR,2026-09-30,173.4996,178.0,205.0,104.0,157.24
EOG,2026-09-30,162.0,157.5,193.0,134.0,139.66
EQIX,2026-09-30,1233.4839,1240.0,1380.0,1060.0,1015.27
EQT,2026-09-30,67.5,67.5,81.0,52.0,48.88
ERIE,2026-09-30,,,,,222.43
ES,2026-09-30,73.5833,74.5,85.0,52.0,63.9
ESS,2026-09-30,304.07,300.0,352.0,239.0,273.93
ETN,2026-09-30,480.4719,488.5,534.0,333.0,433.27
ETR,2026-09-30,122.675,126.0,137.0,91.0,99.76
EVRG,2026-09-30,91.2727,91.0,103.0,80.0,78.73
EW,2026-09-30,100.9615,101.5,110.0,84.0,88.08
EXC,2026-09-30,48.7059,48.0,58.0,41.0,40.65
EXE,2026-09-30,125.5185,123.0,160.0,93.0,84.18
EXPD,2026-09-30,178.0714,180.0,220.0,100.0,188.16
EXPE,2026-09-30,338.8333,332.5,430.0,235.0,266.33
EXR,2026-09-30,158.5,157.5,178.0,140.0,133.49
F,2026-09-30,16.03,15.5,20.0,12.8,12.3
FANG,2026-09-30,234.5172,233.0,283.0,205.0,183.95
FAST,2026-09-30,48.8385,49.0,59.0,39.9,49.96
FCX,2026-09-30,72.7727,76.0,85.0,30.0,70.79
FDS,2026-09-30,270.0,278.5,340.0,210.0,259.97
FDX,2026-09-30,355.142,359.5,479.0,160.0,287.47
FDXF,2026-09-30,162.9286,162.5,200.0,108.0,112.06
FE,2026-09-30,52.9167,53.0,56.0,48.0,43.64
FERG,2026-09-30,287.4762,290.0,325.0,235.0,223.87
FFIV,2026-09-30,436.1,438.0,515.0,300.0,438.07
FICO,2026-09-30,1341.1564,1350.0,1750.0,696.0,617.87
FIS,2026-09-30,49.6667,49.5,77.0,37.0,33.35
FISV,2026-09-30,59.7692,57.0,106.0,40.0,45.36
FITB,2026-09-30,62.65,63.0,67.0,55.0,50.97
FIX,2026-09-30,2197.0,2165.5,2500.0,1910.0,1665.05
FLEX,2026-09-30,160.5,160.0,180.0,142.0,113.83
FOX,2026-09-30,,,,,55.83
FOXA,2026-09-30,76.4222,77.0,112.0,52.6,62.48
FRT,2026-09-30,132.0,134.0,149.0,117.0,109.39
FSLR,2026-09-30,276.1713,274.5,402.0,197.0,176.93
FTNT,2026-09-30,164.3194,165.0,220.0,104.0,175.96
FTV,2026-09-30,64.0,64.0,72.0,51.0,55.41
GD,2026-09-30,420.2552,430.0,465.0,319.0,332.34
GDDY,2026-09-30,106.75,100.0,170.0,76.0,94.06
GE,2026-09-30,397.2857,400.0,450.0,347.0,317.89
GEHC,2026-09-30,83.0526,84.0,96.0,70.0,66.46
GEN,2026-09-30,32.5556,32.0,46.0,25.0,20.85
GEV,2026-09-30,1237.7266,1254.5,1450.0,940.0,962.49
GILD,2026-09-30,158.6539,163.5,180.0,123.0,151.28
GIS,2026-09-30,37.0,37.5,45.0,30.0,33.82
GL,2026-09-30,193.9091,192.0,225.0,166.0,166.08
GLW,2026-09-30,189.9375,188.0,238.0,129.0,158.71
GM,2026-09-30,104.2174,103.0,132.0,75.0,80.47
GNRC,2026-09-30,289.5625,284.0,375.0,215.0,212.22
GOOG,2026-09-30,422.336,430.0,475.0,340.0,337.32
GOOGL,2026-09-30,429.363,430.0,515.0,340.0,340.92
GPC,2026-09-30,139.2222,130.0,170.0,122.0,126.95
GPN,2026-09-30,105.0,98.0,194.0,70.0,83.33
GRMN,2026-09-30,302.0,296.0,370.0,231.0,290.23
GS,2026-09-30,1127.25,1150.0,1300.0,730.0,916.24
GWW,2026-09-30,1331.6428,1352.5,1500.0,1100.0,1248.67
HAL,2026-09-30,43.44,43.0,53.0,29.0,31.54
HAS,2026-09-30,109.5,110.5,120.0,90.0,88.26
HBAN,2026-09-30,19.7526,20.0,22.5,17.0,15.27
HCA,2026-09-30,454.2273,450.0,579.0,380.0,431.63
HD,2026-09-30,377.1875,379.0,425.0,310.0,288.04
HIG,2026-09-30,149.4,149.0,164.0,135.0,125.85
HII,2026-09-30,367.25,367.0,439.0,304.0,259.64
HLT,2026-09-30,353.0,361.5,394.0,270.0,323.44
HON,2026-09-30,261.7391,265.0,303.0,186.0,210.13
HONA,2026-09-30,206.7143,207.0,256.0,174.0,155.44
HOOD,2026-09-30,131.0793,135.0,170.0,57.0,116.22
HPE,2026-09-30,68.0795,66.5,88.0,52.59,61.49
HPQ,2026-09-30,29.6647,28.0,72.0,19.0,30.73
HRL,2026-09-30,26.125,26.0,30.0,23.0,19.85
HSIC,2026-09-30,97.2667,100.0,110.0,64.0,84.97
HST,2026-09-30,25.2903,25.25,29.0,21.0,22.44
HSY,2026-09-30,204.8095,200.0,250.0,170.0,161.41
HUBB,2026-09-30,562.8333,562.5,630.0,502.0,459.09
HUM,2026-09-30,423.7391,420.0,515.0,280.0,386.87
HWM,2026-09-30,334.36,340.0,375.0,255.0,230.94
IBKR,2026-09-30,105.8154,109.0,121.0,70.0,86.18
IBM,2026-09-30,240.59,240.5,297.0,174.0,219.99
ICE,2026-09-30,187.2857,182.0,232.0,163.0,152.19
IDXX,2026-09-30,701.3333,705.0,805.0,470.0,533.44
IEX,2026-09-30,255.9286,259.5,280.0,215.0,230.43
IFF,2026-09-30,96.2941,96.0,105.0,76.0,85.25
ILMN,2026-09-30,206.65,214.0,305.0,113.0,272.0
INCY,2026-09-30,127.9565,130.0,155.0,86.0,123.2
INTC,2026-09-30,116.3721,112.0,200.0,75.0,115.93
INTU,2026-09-30,405.6,400.0,732.0,290.0,268.03
INVH,2026-09-30,33.5217,34.0,41.0,28.0,26.57
IP,2026-09-30,47.9091,47.0,62.0,39.0,33.32
IQV,2026-09-30,283.5556,280.0,329.0,250.0,268.99
IR,2026-09-30,96.25,95.0,109.0,82.0,76.48
IRM,2026-09-30,144.9091,145.0,155.0,132.0,111.5
ISRG,2026-09-30,476.3448,483.0,685.0,324.0,412.18
IT,2026-09-30,185.1539,184.0,229.0,150.0,185.85
ITW,2026-09-30,302.5,302.5,350.0,249.0,267.07
IVZ,2026-09-30,34.0385,34.0,39.0,29.0,30.42
J,2026-09-30,162.5333,163.0,181.0,144.0,136.48
JBHT,2026-09-30,298.0,302.0,370.0,182.0,229.28
JBL,2026-09-30,427.3333,430.0,475.0,365.0,318.84
JCI,2026-09-30,165.15,161.5,194.0,129.0,149.42
JKHY,2026-09-30,190.3889,194.5,209.0,170.0,146.22
JNJ,2026-09-30,279.2727,283.5,320.0,190.0,267.57
JPM,2026-09-30,375.8095,375.0,436.0,305.0,334.98
KDP,2026-09-30,36.2059,38.0,42.0,29.0,31.03
KEY,2026-09-30,25.821,25.0,43.0,22.0,20.12
KEYS,2026-09-30,415.0833,417.5,452.0,350.0,360.65
KHC,2026-09-30,25.4722,25.0,41.0,19.0,23.45
KIM,2026-09-30,26.8214,26.0,31.0,23.0,22.42
KKR,2026-09-30,128.67,126.0,166.0,115.0,93.18
KLAC,2026-09-30,233.7692,234.0,325.0,175.0,196.53
KMB,2026-09-30,116.2,115.0,162.0,90.0,98.99
KMI,2026-09-30,36.0455,36.0,43.0,31.0,30.45
KO,2026-09-30,94.6522,95.0,104.0,75.0,86.84
KR,2026-09-30,68.1364,68.0,85.0,57.0,60.79
KVUE,2026-09-30,19.5,19.0,23.0,18.0,17.91
L,2026-09-30,,,,,105.93
LDOS,2026-09-30,157.7333,160.0,225.0,132.0,123.1
LEN,2026-09-30,80.0769,75.0,120.0,63.0,83.01
LH,2026-09-30,344.8125,352.5,385.0,293.0,308.81
LHX,2026-09-30,335.3333,340.0,405.0,264.0,236.47
LII,2026-09-30,487.7857,479.5,600.0,375.0,360.16
LIN,2026-09-30,542.6,550.0,580.0,400.0,473.37
LITE,2026-09-30,1157.071,1168.0,1400.0,820.0,973.49
LLY,2026-09-30,1328.8337,1385.0,1600.0,930.0,1184.63
LMT,2026-09-30,636.7368,629.0,756.0,503.0,512.21
LNT,2026-09-30,78.0417,78.0,83.0,73.0,64.34
LOW,2026-09-30,251.0909,255.0,290.0,191.0,187.26
LRCX,2026-09-30,373.7742,380.0,500.0,290.0,323.86
LULU,2026-09-30,104.9111,100.0,255.0,44.0,96.87
LUV,2026-09-30,49.787,50.0,65.0,35.0,42.08
LVS,2026-09-30,59.0684,60.0,71.5,47.0,38.32
LYB,2026-09-30,68.4706,68.0,88.0,56.0,58.18
LYV,2026-09-30,201.9583,209.0,222.0,145.0,171.09
MA,2026-09-30,666.7138,668.0,740.0,550.0,563.58
MAA,2026-09-30,141.44,142.0,160.0,121.0,118.43
MAR,2026-09-30,380.8,393.0,425.0,280.0,361.62
MAS,2026-09-30,80.3333,79.5,96.0,68.0,68.37
MCD,2026-09-30,298.8621,295.0,390.0,230.0,233.98
MCHP,2026-09-30,107.84,108.0,135.0,80.0,78.78
MCK,2026-09-30,979.3571,1000.0,1065.0,845.0,864.82
MCO,2026-09-30,561.9048,570.0,610.0,505.0,454.82
MDLZ,2026-09-30,69.2273,70.0,77.0,55.0,59.32
MDT,2026-09-30,104.8333,106.0,121.0,85.0,87.09
MET,2026-09-30,105.75,108.0,119.0,84.0,95.2
META,2026-09-30,793.9073,800.0,1000.0,580.0,738.79
MGM,2026-09-30,49.3316,48.3,57.0,40.0,31.52
MKC,2026-09-30,60.0769,59.0,75.0,52.0,48.4
MLM,2026-09-30,652.7083,662.5,800.0,496.0,479.09
MMM,2026-09-30,187.8167,193.35,219.0,120.0,168.49
MNST,2026-09-30,50.2391,50.0,57.0,35.0,41.74
MO,2026-09-30,70.0,71.0,82.0,58.0,68.72
MOS,2026-09-30,26.7722,26.5,35.0,17.0,22.42
MPC,2026-09-30,375.5,380.0,472.0,236.0,392.03
MPWR,2026-09-30,1839.8,1820.0,2100.0,1575.0,1355.99
MRK,2026-09-30,155.68,160.0,186.0,105.0,149.28
MRNA,2026-09-30,119.5556,125.0,170.0,45.0,203.46
MRSH,2026-09-30,207.0952,202.0,238.0,182.0,170.42
MRVL,2026-09-30,290.9704,284.0,400.0,210.0,263.27
MS,2026-09-30,235.8095,243.0,262.0,184.0,192.76
MSCI,2026-09-30,691.7647,700.0,760.0,570.0,539.76
MSFT,2026-09-30,577.2613,575.0,870.0,440.0,508.96
MSI,2026-09-30,526.9091,530.0,550.0,476.0,446.12
MTB,2026-09-30,257.6944,255.0,301.0,224.0,217.5
MTD,2026-09-30,1457.5,1480.0,1600.0,1200.0,1537.33
MU,2026-09-30,1520.7609,1545.0,2200.0,361.0,1065.08
NCLH,2026-09-30,20.2,20.0,32.0,13.0,14.8
NDAQ,2026-09-30,109.6667,108.0,135.0,84.0,91.85
NDSN,2026-09-30,349.7143,360.0,375.0,282.0,329.53
NEE,2026-09-30,98.7368,101.0,114.0,55.0,75.89
NEM,2026-09-30,137.7381,140.0,170.0,67.0,117.09
NFLX,2026-09-30,92.8156,92.0,135.0,57.0,70.3
NI,2026-09-30,49.5714,50.5,55.0,43.0,39.32
NKE,2026-09-30,45.6278,42.5,94.0,23.0,35.84
NOC,2026-09-30,644.4545,625.0,815.0,538.0,504.61
NOW,2026-09-30,144.9926,142.5,248.0,72.0,129.94
NRG,2026-09-30,188.5625,187.0,270.0,104.0,97.17
NSC,2026-09-30,363.3889,369.5,414.0,297.0,313.0
NTAP,2026-09-30,197.0,197.0,219.0,170.0,209.18
NTRS,2026-09-30,184.2692,184.0,208.0,158.0,172.94
NUE,2026-09-30,283.3125,286.5,310.0,226.0,236.24
NVDA,2026-09-30,327.7,315.0,515.0,180.0,227.21
NVR,2026-09-30,6717.8,7000.0,7400.0,5664.0,6234.63
NWS,2026-09-30,,,,,31.5
NWSA,2026-09-30,36.1625,36.5,43.0,30.3,28.52
NXPI,2026-09-30,311.1035,310.0,400.0,190.0,236.47
O,2026-09-30,67.2625,67.5,74.0,59.0,55.14
ODFL,2026-09-30,230.9091,232.5,280.0,156.0,177.46
OKE,2026-09-30,101.5,104.5,112.0,89.0,86.86
OMC,2026-09-30,102.0,100.0,139.0,77.0,74.14
ON,2026-09-30,103.6923,100.0,150.0,75.0,75.95
ORCL,2026-09-30,237.9742,240.0,400.0,110.0,137.79
ORLY,2026-09-30,107.3461,109.0,120.0,91.0,86.07
OTIS,2026-09-30,87.3846,86.0,105.0,75.0,65.63
OXY,2026-09-30,68.0,69.0,82.0,55.0,54.94
P,2026-09-30,145.3158,145.0,180.0,80.0,130.05
PANW,2026-09-30,396.12,410.0,475.0,190.0,388.41
PAYX,2026-09-30,113.9286,111.0,150.0,96.0,99.31
PCAR,2026-09-30,144.8,140.0,164.0,125.0,111.8
PCG,2026-09-30,19.2188,19.5,24.0,14.0,12.18
PEG,2026-09-30,85.3056,85.0,96.0,73.0,67.68
PEP,2026-09-30,151.0909,152.0,180.0,124.0,128.69
PFE,2026-09-30,28.875,28.0,35.75,25.0,28.72
PFG,2026-09-30,112.0833,113.5,128.0,92.0,113.97
PG,2026-09-30,160.6087,162.0,186.0,143.0,148.32
PGR,2026-09-30,231.381,230.0,302.0,198.0,210.52
PH,2026-09-30,1158.4137,1212.0,1358.0,680.0,970.37
PHM,2026-09-30,140.8,145.0,166.0,100.0,118.5
PKG,2026-09-30,259.3,265.0,320.0,167.0,233.28
PLD,2026-09-30,158.2308,160.0,170.0,140.0,132.61
PLTR,2026-09-30,195.5654,205.05,255.0,80.0,186.97
PM,2026-09-30,208.1333,211.0,230.0,175.0,193.9
PNC,2026-09-30,276.975,280.0,291.0,253.0,221.65
PNR,2026-09-30,77.3571,79.0,94.0,60.0,53.47
PNW,2026-09-30,105.4615,106.0,129.0,87.0,93.4
PODD,2026-09-30,171.9091,167.5,275.0,144.0,132.84
PPG,2026-09-30,126.2857,125.0,138.0,115.0,106.02
PPL,2026-09-30,40.125,40.0,45.0,35.0,32.58
PRU,2026-09-30,113.4,113.0,131.0,92.0,115.06
PSA,2026-09-30,336.5,339.5,374.0,285.0,285.58
PSKY,2026-09-30,9.95,9.5,16.0,2.0,9.99
PSX,2026-09-30,251.9474,249.0,335.0,173.0,252.25
PTC,2026-09-30,174.2105,170.0,230.0,140.0,137.56
PWR,2026-09-30,769.0407,800.0,976.0,410.0,651.79
PYPL,2026-09-30,56.9172,56.5,80.0,36.0,53.89
Q,2026-09-30,176.75,180.0,189.0,150.0,125.61
QCOM,2026-09-30,194.1333,175.0,400.0,100.0,184.1
RCL,2026-09-30,350.4444,355.0,425.0,262.0,260.67
RDDT,2026-09-30,213.7091,210.0,300.0,130.0,145.36
REG,2026-09-30,86.1667,85.0,102.0,76.0,72.66
REGN,2026-09-30,850.8846,857.0,1030.0,730.0,750.51
RF,2026-09-30,32.7075,33.0,36.0,28.0,26.89
RJF,2026-09-30,186.0,187.0,205.0,160.0,159.85
RL,2026-09-30,446.7059,455.0,520.0,250.0,355.92
RMD,2026-09-30,250.2229,235.0,320.0,175.0,222.83
ROK,2026-09-30,476.84,490.0,550.0,282.0,431.53
ROL,2026-09-30,42.8235,43.0,66.0,27.0,30.5
ROP,2026-09-30,439.4286,422.0,550.0,335.0,349.45
ROST,2026-09-30,270.5556,282.5,310.0,187.0,234.4
RSG,2026-09-30,245.9167,247.0,272.0,208.0,211.92
RTX,2026-09-30,234.1363,240.0,265.0,200.0,186.94
RVTY,2026-09-30,129.0,125.5,165.0,110.0,152.77
SBAC,2026-09-30,225.85,224.5,280.0,167.0,162.81
SBUX,2026-09-30,111.7333,112.0,143.0,81.0,95.43
SCHW,2026-09-30,125.45,125.5,145.0,91.0,99.1
SHW,2026-09-30,389.0909,395.5,420.0,340.0,330.44
SJM,2026-09-30,142.125,145.0,157.0,120.0,120.7
SLB,2026-09-30,62.4138,63.0,75.0,43.0,49.87
SMCI,2026-09-30,42.375,42.5,60.0,15.0,41.02
SNA,2026-09-30,416.5556,415.0,485.0,343.0,367.08
SNDK,2026-09-30,2136.5417,2150.0,3600.0,1000.0,1729.76
SNPS,2026-09-30,553.7712,563.75,700.0,414.77,415.09
SO,2026-09-30,98.6579,101.0,112.0,79.0,83.45
SOLV,2026-09-30,93.9231,95.0,113.0,70.0,89.32
SPG,2026-09-30,234.4444,224.5,285.0,207.0,204.28
SPGI,2026-09-30,520.3,525.0,553.0,485.0,392.45
SRE,2026-09-30,99.9167,100.5,118.0,83.0,78.18
STE,2026-09-30,263.125,269.5,280.0,232.0,210.65
STLD,2026-09-30,271.7143,271.0,310.0,221.0,221.9
STT,2026-09-30,199.5,200.0,215.0,150.0,177.78
STX,2026-09-30,1125.0,1150.0,1600.0,700.0,913.45
STZ,2026-09-30,163.3478,165.0,209.0,110.0,112.77
SW,2026-09-30,56.9062,57.0,69.0,46.0,44.38
SWK,2026-09-30,100.7273,100.0,110.0,93.0,88.79
SWKS,2026-09-30,68.3529,70.0,85.0,52.0,88.04
SYF,2026-09-30,89.4348,90.0,104.0,78.0,71.72
SYK,2026-09-30,369.0,360.0,465.0,298.0,278.77
SYY,2026-09-30,90.4167,89.5,100.0,78.0,78.49
T,2026-09-30,29.0521,29.125,36.0,20.0,24.48
TDG,2026-09-30,1497.0,1450.0,1972.0,1331.0,1099.79
TDY,2026-09-30,758.0833,760.0,877.0,640.0,605.59
TECH,2026-09-30,70.7273,73.0,73.0,50.0,72.38
TEL,2026-09-30,248.5789,235.0,306.0,215.0,212.59
TER,2026-09-30,446.4667,450.0,550.0,350.0,403.02
TFC,2026-09-30,54.8972,55.0,61.0,45.0,46.44
TGT,2026-09-30,162.7647,160.5,200.0,125.0,156.43
TJX,2026-09-30,169.8,175.0,198.0,136.0,133.8
TKO,2026-09-30,231.4211,235.0,250.0,185.0,177.58
TMO,2026-09-30,653.1111,650.0,780.0,520.0,679.61
TMUS,2026-09-30,243.52,235.0,300.0,169.0,162.98
TPL,2026-09-30,443.0,443.0,639.0,247.0,328.7
TPR,2026-09-30,166.5,167.0,232.0,96.0,114.12
TRGP,2026-09-30,325.1429,325.0,359.0,284.0,273.49
TRMB,2026-09-30,79.5,80.0,94.0,61.0,57.34
TROW,2026-09-30,108.8333,110.0,124.0,90.0,104.51
TRV,2026-09-30,360.7083,359.5,430.0,262.0,363.21
TSCO,2026-09-30,35.4815,35.0,42.0,28.0,31.51
TSLA,2026-09-30,395.8321,412.5,600.0,125.0,352.84
TSN,2026-09-30,64.25,65.5,75.0,56.0,50.98
TT,2026-09-30,527.4009,534.0,575.0,422.0,455.59
TTWO,2026-09-30,286.4417,290.0,368.0,170.0,202.78
TXN,2026-09-30,324.7097,340.0,400.0,225.0,281.69
TXT,2026-09-30,101.4667,100.0,115.0,86.0,77.63
TYL,2026-09-30,424.7727,427.5,525.0,335.0,316.26
UAL,2026-09-30,156.3478,160.0,203.0,102.0,112.65
UBER,2026-09-30,100.7732,100.0,150.0,70.0,69.36
UDR,2026-09-30,41.4524,41.0,46.0,38.0,33.95
UHS,2026-09-30,194.3529,191.0,290.0,166.0,175.73
ULTA,2026-09-30,630.64,635.0,731.0,500.0,547.89
UNH,2026-09-30,481.72,490.0,529.0,380.0,374.94
UNP,2026-09-30,329.3333,335.0,375.0,245.0,274.15
UPS,2026-09-30,115.8077,117.5,135.0,76.0,93.93
URI,2026-09-30,1269.3334,1317.0,1610.0,950.0,1014.54
USB,2026-09-30,70.4286,69.0,77.0,65.0,58.14
V,2026-09-30,419.3616,422.0,466.0,330.0,365.88
VEEV,2026-09-30,297.2963,300.0,350.0,180.0,278.57
VICI,2026-09-30,31.9583,32.0,38.0,26.0,23.2
VLO,2026-09-30,360.3158,360.0,457.0,238.0,387.72
VLTO,2026-09-30,114.7857,112.5,136.0,100.0,96.65
VMC,2026-09-30,321.7826,330.0,365.0,238.0,242.75
VMRK,2026-09-30,73.4421,73.0,80.0,66.0,61.35
VRSK,2026-09-30,234.7647,235.0,260.0,195.0,165.94
VRSN,2026-09-30,324.4,325.0,355.0,285.0,279.84
VRT,2026-09-30,338.2222,340.0,427.0,236.0,248.34
VRTX,2026-09-30,571.3929,577.5,672.0,350.0,526.73
VST,2026-09-30,217.5789,221.0,305.0,106.0,140.83
VTR,2026-09-30,101.8182,102.0,113.0,90.0,86.91
VTRS,2026-09-30,19.4,20.0,25.0,13.0,18.12
VZ,2026-09-30,51.5565,51.0,71.0,44.0,45.98
WAB,2026-09-30,329.5833,335.0,355.0,292.0,291.23
WAT,2026-09-30,444.7917,452.5,515.0,349.0,443.26
WBD,2026-09-30,30.1667,31.0,31.25,26.0,30.85
WDAY,2026-09-30,208.6818,216.5,275.0,92.0,189.17
WDC,2026-09-30,664.9167,640.0,1050.0,420.0,453.48
WEC,2026-09-30,121.6176,121.0,140.0,108.5,102.58
WELL,2026-09-30,262.0454,262.5,292.0,219.0,232.9
WFC,2026-09-30,100.5435,100.0,115.0,90.0,80.48
WM,2026-09-30,259.92,263.0,277.0,220.0,207.09
WMB,2026-09-30,85.6087,85.0,103.0,69.0,68.63
WMT,2026-09-30,127.425,130.0,155.0,81.0,106.8
WRB,2026-09-30,69.4118,70.0,83.0,51.0,68.22
WSM,2026-09-30,247.85,257.0,280.0,151.0,229.96
WST,2026-09-30,407.5625,410.0,459.0,340.0,376.63
WTW,2026-09-30,378.579,381.0,455.0,303.0,288.57
WY,2026-09-30,31.0,30.0,38.0,28.0,19.55
WYNN,2026-09-30,132.005,133.0,144.0,116.0,78.23
XEL,2026-09-30,91.4118,92.0,101.0,74.0,70.69
XOM,2026-09-30,173.0909,177.0,200.0,142.0,161.35
XYL,2026-09-30,153.875,159.5,180.0,129.0,100.93
XYZ,2026-09-30,98.3636,99.0,125.0,75.0,74.05
YUM,2026-09-30,173.1091,175.0,200.0,147.0,137.73
ZBH,2026-09-30,107.5714,106.0,130.0,93.0,91.34
ZBRA,2026-09-30,411.4527,420.0,455.0,350.0,375.97
ZTS,2026-09-30,96.0,89.5,155.0,80.0,70.3
